eta1,beta1,r1,eta2,beta2,r2,chi_eff,beta_eff,lambda0,solver_success
1.5230121011022635,1.5837916985487643,0.7378923658661873,1.0,0.5,1.0,1.2416078852277368,1.13554502163993,1.8364185560292374,1
3.5431460183793857,1.955547753009545,0.3662511422931076,1.0,0.5,1.0,0.6465693225764351,-4.566668744277696,8.53162595386416,1
3.1923893911423544,0.9336709280185668,0.638204835211697,1.0,0.5,1.0,0.6275520195815807,4.12586809463716,9.005163124000598,1
4.738112893714717,1.241228573147855,0.8591049214666546,1.0,0.5,1.0,3.5755047660676316,1.087779816920204,0.6481093270269446,1
3.502568538951676,0.4794896779705604,0.45347173293425025,1.0,0.5,1.0,0.47111229264050347,0.5617617687239336,9.722636578656523,1
4.489159636973829,3.4872674994101107,0.3611782912560897,1.0,0.5,1.0,1.2478372755277085,0.9493542285350949,1.7985171416627168,1
3.8026767349852992,1.100674777727431,0.1652756556337665,1.0,0.5,1.0,1.01735810345312,0.5066016481097754,2.3424839288878117,1
1.219530204837714,1.7005009247735265,0.47215452296164073,1.0,0.5,1.0,1.029163487568772,0.7385173383969131,2.277497168582171,1
1.6988946273084693,4.078882017124035,0.2546355114315956,1.0,0.5,1.0,1.0155705548245062,0.6342381947498353,2.32663305238024,1
1.0826108427974013,0.4583237577246796,0.5788544109319306,1.0,0.5,1.0,1.0193042100224854,0.48664343494009316,2.344385784634376,1
4.346338569683006,3.0081062084685657,0.8455906889087869,1.0,0.5,1.0,3.2196745539173923,2.4433259339414173,0.6985276054076187,1
3.7615161249140905,4.302756586966462,0.843470241260253,1.0,0.5,1.0,2.830553365580503,3.4424029517696892,0.7750641142164686,1
2.9578370408705887,4.688364793838785,0.4959903520630594,1.0,0.5,1.0,1.332452032946476,1.7444391439077935,1.6197000518413363,1
1.7319793212049437,2.2588935373738033,0.6320311387196242,1.0,0.5,1.0,1.224793996883444,1.2647023429811541,1.8345433050045312,1
1.989009187101746,4.5172700340411955,0.3056593402212274,1.0,0.5,1.0,1.0385091732393408,0.7729719399813431,2.2439985048551865,1
2.0292275192464393,1.2942669932146367,0.38435718395542884,1.0,0.5,1.0,1.077281531186397,0.600462995992625,2.176614117000091,1
0.522600501727093,3.1430227204983936,0.32590616594009464,1.0,0.5,1.0,0.9794129009209127,0.669084573223858,2.4249294206034486,1
0.8063946026957558,3.0841448862819028,0.24106105622496277,1.0,0.5,1.0,0.9964714587447127,0.5736302118405474,2.3914174109947934,1
1.8697477424881532,2.2044340543805903,0.22016187285016064,1.0,0.5,1.0,1.0121017400998982,0.5396070756195773,2.3520508654158383,1
1.4806798838844575,2.3716655766677226,0.4810950840649535,1.0,0.5,1.0,1.0679633660112957,0.9092482034556927,2.1591279243754506,1
1.6485455921877512,1.4878263407402403,0.3232536958510133,1.0,0.5,1.0,1.0286472447627943,0.5715831329826017,2.3019986307324354,1
1.672606456210839,2.413807963996579,0.26958322908120846,1.0,0.5,1.0,1.0173344781674247,0.5818813196500932,2.3305648958899523,1
2.730337685028683,1.2313066291536878,0.7707861219735558,1.0,0.5,1.0,1.911815486661001,0.9845509348335107,1.1940446260544015,1
1.3105876554276579,4.310781457546183,0.24263955587614996,1.0,0.5,1.0,1.005798502242036,0.6163816551944493,2.357038348443785,1
3.8773909937175985,3.055602019152826,0.2673240279428859,1.0,0.5,1.0,1.0785780272452226,0.6380648425785463,2.1640352357074937,1
3.9194258950579783,1.2463028476745626,0.1684573855892464,1.0,0.5,1.0,1.0192882853033007,0.5088264114639424,2.336664852122862,1
3.281255250431409,2.684841655161678,0.6076213689722205,1.0,0.5,1.0,1.6633763391475016,1.4825282524150154,1.3174900225443205,1
1.284683489111247,1.2408224492822622,0.6478583877115194,1.0,0.5,1.0,1.091648035279637,0.8212627679449507,2.1295049917473445,1
0.8639224081290837,4.375368003780631,0.44295550523199345,1.0,0.5,1.0,1.017592622280836,43.11428962789107,7.431012792653838,1
3.2827738792882,1.5655275209255992,0.2431702842342941,1.0,0.5,1.0,1.0454310462190448,0.539086057716063,2.261421067455245,1
0.5437045750795367,1.050214792242265,0.7960005430173217,1.0,0.5,1.0,0.7494320553172653,0.8470285055254899,3.1677443700293595,1
4.877734110789014,2.208961715955512,0.40299959584740275,1.0,0.5,1.0,1.3877239776307035,0.856318778321166,1.6100027597819988,1
1.7417618657066756,4.830520546172209,0.1465620842126752,1.0,0.5,1.0,1.0029996487329575,0.5288627821834858,2.3800099599376794,1
2.339302544878347,0.8431442226424302,0.29211524672135025,1.0,0.5,1.0,1.0454507114432992,0.5202173552436796,2.2652147424569455,1
4.0100353535039535,1.0188379807780619,0.5416407638092974,1.0,0.5,1.0,0.5079045279253204,-0.1437388818779495,8.873786825123291,1
2.1514736392325036,2.536408606961784,0.3667502373570287,1.0,0.5,1.0,1.0768020118567407,0.7354723296626213,2.1577506241887496,1
1.7722475334854528,1.4091515065260352,0.1683050336970302,1.0,0.5,1.0,1.0048727963815236,0.5094010172661008,2.3779536732946887,1
2.6681614510130838,4.416714472572771,0.857782212808017,1.0,0.5,1.0,1.7624931117495102,6.789716758200433,4.1361011976502535,1
0.6232267486720346,4.588761222512783,0.19721962358832767,1.0,0.5,1.0,0.9963797186492362,0.5618656182943462,2.3937470507398166,1
3.8653149190361393,4.482603710248474,0.23434383994972505,1.0,0.5,1.0,1.054051378121406,0.6465787195059292,2.2223540693180523,1
1.9915844867006514,1.8907831280790126,0.37747916613935284,1.0,0.5,1.0,1.0707583086679988,0.6678596801819516,2.182133194270372,1
2.823150655019132,0.044970136856651854,0.43814256358590675,1.0,0.5,1.0,1.2131078325596185,0.4069698128190176,1.9233259498140352,1
4.4494597828022755,0.4370257642623665,0.4872678539664296,1.0,0.5,1.0,1.571421364210259,0.4807041380195033,1.4399950538100554,1
2.665524773032386,3.9128574515993257,0.8716476601107127,1.0,0.5,1.0,2.1882186796797187,3.2539635902048487,0.9996284332858323,1
3.6819339873599444,1.3686836045774813,0.6360906403758866,1.0,0.5,1.0,0.6914897250766444,18.087448964004178,8.048759125916472,1
2.063906612367073,3.840639180274547,0.640617133001989,1.0,0.5,1.0,0.9791602929976769,37.54790040810403,7.121108839194014,1
4.898894126122668,4.333548947973106,0.13688641171675686,1.0,0.5,1.0,1.0133086084486398,0.5235318151197192,2.351024851135148,1
1.8064567088943442,4.311955488445401,0.5806782672326123,1.0,0.5,1.0,1.200024408132661,1.9237065535797526,1.8025249585384995,1
2.049160813182909,0.2780128839447271,0.7102981359856785,1.0,0.5,1.0,1.4444393859375328,0.37590198550648607,1.6212837097093196,1
0.5068345448257465,0.4642176961956801,0.8948033278445121,1.0,0.5,1.0,0.6307173240439917,0.47105400300950795,3.8499773592989572,1
3.9920588475290986,4.341354314631238,0.4817266012693827,1.0,0.5,1.0,0.6665486763250429,-2.367132212444078,7.642502881923716,1
1.2598188819004623,2.669886605725828,0.44066550146124206,1.0,0.5,1.0,1.02816045212139,0.8626625491228942,2.2601069601271724,1
1.23363318472332,0.8293878560035728,0.3065201346606574,1.0,0.5,1.0,1.008586740618932,0.5190122486555104,2.365962346805074,1
4.743912064395959,4.934034709238107,0.6629331318884125,1.0,0.5,1.0,1.2313282789962625,37.64028316033008,4.888134217026395,1
3.7542083601692857,3.6624890362108395,0.5139164148116442,1.0,0.5,1.0,0.6742396097019174,-2.7803843498408556,7.822310315966106,1
1.298418387149154,4.388231034637847,0.8043122845996713,1.0,0.5,1.0,1.0978059319156903,12.2343367334515,6.187221512501189,1
3.692905487553119,4.667144035785432,0.883998528319539,1.0,0.5,1.0,2.420291576614544,6.252283794202368,3.186911815771729,1
2.7656410195945114,3.787847534792472,0.5932948187512408,1.0,0.5,1.0,1.480010808731625,1.887221847259699,1.4577070294091636,1
1.0170008069473595,1.5799424006181528,0.15418711802391805,1.0,0.5,1.0,1.0000824928583008,0.5083424657073379,2.392224284549027,1
4.49092030150052,0.11035199437459564,0.5298293627235243,1.0,0.5,1.0,1.7270802621386283,0.3578851743221889,1.3122800124489196,1
1.299254479208287,0.7349745468232832,0.23267558405187982,1.0,0.5,1.0,1.0048569323145649,0.5060862361666357,2.3786799458782855,1
4.446292905090054,2.472350627895291,0.37272039626731157,1.0,0.5,1.0,1.2708318599371884,0.8224652281462359,1.7758850323328226,1
4.996444216467827,2.729874478757994,0.34266490048430215,1.0,0.5,1.0,1.2500697113266759,0.8048451087679466,1.808436021372293,1
2.167932653778438,3.479334390266412,0.19619725491099027,1.0,0.5,1.0,1.011678663432498,0.5506205018281777,2.3512732419854605,1
3.911995346759443,4.418838034244587,0.4801049158216302,1.0,0.5,1.0,0.6730798442563122,-2.4954950853027285,7.644722271634222,1
2.467871172348045,0.7155738663443217,0.43819380672782926,1.0,0.5,1.0,0.6059930393441637,1.3425343347359047,10.36718526437471,1
3.9398526247062398,2.069916457179517,0.5959447749120409,1.0,0.5,1.0,1.8282624918793353,1.2031006141627736,1.2060821796195735,1
0.6970076654095383,1.0986268687856326,0.2630629714499946,1.0,0.5,1.0,1.0403737652526,1.292555122519003,9.837385144258514,1
4.9152807632786155,0.2227494094955368,0.27225479727969937,1.0,0.5,1.0,1.1187285205070476,0.4824586983860026,2.09366243608619,1
0.6412965527846103,3.197676258456622,0.6225363374386889,1.0,0.5,1.0,1.0238706640900477,9.42359259853664,8.01260372824338,1
2.05484675676475,0.18177262366551927,0.44800835542749273,1.0,0.5,1.0,1.1237074374134404,0.43913024700778813,2.096924277957743,1
1.270978851949835,2.1336211775757787,0.3982482020959014,1.0,0.5,1.0,1.0221400460312244,0.7079980856385211,2.2988086066757814,1
1.4948885141272141,4.208204724942951,0.6540920396445051,1.0,0.5,1.0,1.0054272734211485,35.65223100741569,7.122960176171913,1
2.617903369052462,1.998426565511101,0.1872319092744287,1.0,0.5,1.0,1.0138870433749347,0.522080037704693,2.3498028377203095,1
3.2136734828417883,2.5207597451529784,0.8243048527408388,1.0,0.5,1.0,2.3812802282859074,2.0010437605080327,0.9418937579370408,1
4.860094634411347,4.047976455305132,0.7933570098113492,1.0,0.5,1.0,2.0066659191374248,6.5689457824393385,3.5831214061222894,1
2.7310537684959084,1.868911030156935,0.4831921550102021,1.0,0.5,1.0,0.6589662514207036,-6.023077221482018,9.12092137749474,1
2.890591588536045,4.088483972537432,0.22080508900672477,1.0,0.5,1.0,0.8968138403112559,92.46210809528814,7.243376176281067,1
3.2025150274242207,4.529948914825493,0.27797121469786856,1.0,0.5,1.0,1.068610835394034,0.7410280784658817,2.173291806373877,1
1.7953846438873926,4.211073000876999,0.6214943149546447,1.0,0.5,1.0,1.2361969639223298,2.0969401869885367,1.7385716310509312,1
4.844592240769448,3.2104186767569205,0.859466314045821,1.0,0.5,1.0,3.6502003628071362,2.6517876648646053,0.6183455997453529,1
4.220817733575825,3.3733399246681794,0.2519901988806799,1.0,0.5,1.0,1.0759629778967565,0.6363354373045892,2.170177637520284,1
1.4608993397502947,4.315148559570434,0.3671391458022557,1.0,0.5,1.0,0.944863512090599,-89.30242976528721,7.586046082479488,1
3.5889610213702494,2.1768785943248217,0.46747900769857764,1.0,0.5,1.0,1.374094338020795,0.9445509304007151,1.627729048914612,1
0.54758768013616,4.111612224215775,0.3491595713704692,1.0,0.5,1.0,0.9759362036562994,0.7858227748635734,2.414516375675889,1
2.0171005286066954,0.3580095062213312,0.5997016612004664,1.0,0.5,1.0,1.274692777601655,0.44391987967448737,1.8318115172367502,1
4.003754676974275,2.5552063114212222,0.48216790646565055,1.0,0.5,1.0,0.5867017071531035,-1.2437978281936304,8.26046040982666,1
3.9744820653379,0.48361503345728307,0.5327346703120182,1.0,0.5,1.0,1.6228133704562309,0.4941096132315183,1.3961433733244748,1
3.869976457444512,1.8315385427027504,0.8009043810596211,1.0,0.5,1.0,2.6729378865002813,1.4510781167392406,0.8470211450444446,1
2.555668299127703,0.5794819718047389,0.8815122511124648,1.0,0.5,1.0,2.139903191779993,0.5650883727200748,1.1035121280964364,1
2.5515532980073954,3.763945642977138,0.16260256464454584,1.0,0.5,1.0,1.0088461560056248,0.5316876970311991,2.3625318009755456,1
4.139781996895001,0.7600016193891829,0.19996502803332483,1.0,0.5,1.0,1.0346653132927703,0.5053439408993584,2.2949535076831933,1
1.7439633611014111,2.1235369576967678,0.48822854263034754,1.0,0.5,1.0,1.1110872361328064,0.8827145019088553,2.06872340501324,1
2.427316374062953,0.17269763337033728,0.5776250083132464,1.0,0.5,1.0,1.3513180437605945,0.37689992482675155,1.7209083718482265,1
3.838816735368764,4.893769398942255,0.5433279585006198,1.0,0.5,1.0,1.6304970366421347,2.177169923757816,1.2965572320686578,1
4.693408123317974,4.75983054404396,0.26991627845021215,1.0,0.5,1.0,1.1093457331728527,0.7695009522218562,2.0751842487462318,1
0.798709634288278,0.848309486095104,0.6955467375032366,1.0,0.5,1.0,0.9237023781644691,0.6646715474824728,2.583334953317165,1
1.6743609593821822,0.5611915040500809,0.854710043842873,1.0,0.5,1.0,1.4556804722115322,0.5471761081856119,1.6238104923122207,1
3.5761522649876216,4.790898644606822,0.3636078198043805,1.0,0.5,1.0,0.7374651351907542,-4.080988858339851,7.479834270832168,1
1.3651622910978563,0.6839438423197541,0.8547021570802866,1.0,0.5,1.0,1.0839078925666246,0.7377432196491351,9.564538403668214,1
1.238743361569145,4.011760752088957,0.26934647183731564,1.0,0.5,1.0,1.0060779033579137,0.6450723058119859,2.3515104489179635,1
4.383137026625259,0.28337288645631287,0.40513392801185855,1.0,0.5,1.0,1.337002559232647,0.4569875727637859,1.7143543192322352,1
2.308689477677423,4.881210582343181,0.8181818651793028,1.0,0.5,1.0,1.4744521285467396,9.851830801808712,4.656245723981355,1
2.230033247283327,2.1234141663924673,0.672116330944736,1.0,0.5,1.0,1.451709653310206,1.3292659293840294,1.538041911408521,1
3.3805146965961232,4.470762540097326,0.6497550187342183,1.0,0.5,1.0,1.8300405265879762,2.540750330146283,1.158599078396766,1
2.81890342097056,4.503421250071548,0.3647938382269763,1.0,0.5,1.0,0.7971366289096947,-7.00367402762116,7.6209728957507465,1
2.153509189181638,1.7571624102756234,0.49160952020913873,1.0,0.5,1.0,0.7427850835898424,13.161259268117382,9.336468580148333,1
0.6562824197936611,2.2645337770837903,0.3532940551566677,1.0,0.5,1.0,0.9812668237628572,0.6419828287419147,2.4240561229421305,1
1.5943326829737245,1.2371347058850357,0.7380353128752087,1.0,0.5,1.0,1.274838427802263,0.9333181876544967,1.8052169789545727,1
2.235159793239027,4.90371928460607,0.430201481198228,1.0,0.5,1.0,1.1347214278517757,1.3419208534834473,1.9604852667992625,1
3.639683142438592,1.5268633983927538,0.7611967201600532,1.0,0.5,1.0,1.205371158141831,2.3119943493880997,6.006811884432479,1
1.4588146873466021,1.3759353190028607,0.3340146796005454,1.0,0.5,1.0,1.0219614584880525,0.5673260004144708,2.3209044997227006,1
1.0821025693549928,3.752977608657564,0.44521260004385055,1.0,0.5,1.0,1.009248860823393,1.0583522257067248,2.278520164417899,1
1.0667534382190713,2.681068363121767,0.49065777728455184,1.0,0.5,1.0,1.009757012742044,0.9692866134216399,2.29211677546543,1
2.7736278126143192,3.5624980584184525,0.1532253115829752,1.0,0.5,1.0,1.0083537283715043,0.5245924040147337,2.365156674249064,1
2.7137391046246604,0.2580223425811595,0.8808735458312386,1.0,0.5,1.0,2.2560842658564866,0.30172011601394877,1.0539314785324874,1
3.4695465879940843,0.8459263600681027,0.8356507435962801,1.0,0.5,1.0,1.447135720879857,0.9650609825063021,5.86279843791231,1
1.287450348407107,1.77294423223617,0.13799039011708097,1.0,0.5,1.0,1.000996688587482,0.507099175070193,2.3897331121406395,1
2.17069006750393,3.657044806941237,0.19749613785986764,1.0,0.5,1.0,1.0123338318082822,0.5566574867252663,2.3483947960947757,1
3.9964305622132805,2.1354109706564928,0.7418623301363643,1.0,0.5,1.0,0.42291802399860823,0.48810951819434056,10.791185204541119,1
1.282673266707636,4.511733706072555,0.6818098467687961,1.0,0.5,1.0,1.0178698522486909,38.24582263520357,6.966888658623604,1
0.7169954190798935,2.39624222896483,0.1524248526150622,1.0,0.5,1.0,0.9987183836775919,0.5135710180106926,2.3953467242992614,1
3.751068899663453,1.8163081669111747,0.7193230434688027,1.0,0.5,1.0,2.2385957257431044,1.2994539552036901,0.9982262813425262,1
4.471404348122611,0.8818244872166503,0.7483003374638469,1.0,0.5,1.0,1.0227440769505032,1.1984901319383978,6.134651299560793,1
2.2359318545802083,1.911399875279967,0.6234591902415931,1.0,0.5,1.0,1.3750065473437107,1.1247661775008004,1.6345926901123409,1
4.883570681762061,3.4124393465476794,0.27685181041581464,1.0,0.5,1.0,1.1242541800683696,0.7002711105114839,2.0523908932778867,1
0.5019668907071627,0.5569688586476235,0.3357510684414905,1.0,0.5,1.0,0.9768761284941321,0.5038023261366493,2.462243035168103,1
0.8101868619941256,0.3315370265995571,0.8570737859979737,1.0,0.5,1.0,0.8720173441603447,0.37289890164355005,2.784738180596093,1
1.1825189242212097,1.669619807104753,0.872661694609104,1.0,0.5,1.0,1.1291193015738925,1.4258976918171191,2.0104459227707903,1
2.901637929243228,3.463419148321423,0.33007734845858516,1.0,0.5,1.0,1.0964395379068408,0.7824577843133615,2.104647289269064,1
3.497270558960784,0.8152810212607697,0.37687143269087187,1.0,0.5,1.0,0.5590272748607169,23.02262054892408,9.391316564156861,1
4.579752345600073,3.6477605596705827,0.4697786052464301,1.0,0.5,1.0,1.5476571589938315,1.4294599834178816,1.4003742733166615,1
2.5605035152237194,3.711447878232023,0.41828166368616637,1.0,0.5,1.0,1.1604921113949187,1.0915315776500816,1.9402757901141645,1
2.4462530903761155,2.8385522900362385,0.5477991974384222,1.0,0.5,1.0,1.3111540547000595,1.3046434782887806,1.6919258891819728,1
2.5719703102858493,3.0224789907523504,0.21989243343142706,1.0,0.5,1.0,1.0224445351652929,0.563153274956182,2.3190851665226773,1
3.8250798632007816,0.812771475634817,0.7468752368369573,1.0,0.5,1.0,0.9546178616939083,1.0695263700467552,6.8450087930903125,1
3.0771717276047617,4.679099813906965,0.43388492459381056,1.0,0.5,1.0,1.2411404263036276,1.404566030550577,1.7706781716011535,1
3.462666071938096,0.3673002668089298,0.34274423058539216,1.0,0.5,1.0,1.1422596181882405,0.4853525379213666,2.0455699891149015,1
1.2299512594168567,3.3424406259484045,0.19687579529119204,1.0,0.5,1.0,1.002239598258881,0.544734234979482,2.379526171557764,1
2.743200354224862,1.2633608037727395,0.23426866687363762,1.0,0.5,1.0,0.8419237712387204,1.684209533995734,9.0517671097566,1
4.160061872793937,1.2191122136882382,0.16389785194557352,1.0,0.5,1.0,1.0197240084604557,0.5080844050371177,2.3355450936283075,1
2.2658980984066024,1.053587899574247,0.6712150273216739,1.0,0.5,1.0,0.7809108220575243,1.8913448473604417,9.340384699268197,1
3.2841433369697097,4.744703920809968,0.7810738264122715,1.0,0.5,1.0,1.6006976433213123,9.687525128175725,4.318472638420972,1
1.8774684777208985,4.304908468278312,0.3023915033203276,1.0,0.5,1.0,1.0328239446819039,0.7452662135922357,2.2629444307349527,1
4.340529157064459,0.7250067060216209,0.8429009038396432,1.0,0.5,1.0,1.638492293581076,0.7930238842287686,5.069134950449557,1
3.0400118139230896,2.2873015648306856,0.4223569389566213,1.0,0.5,1.0,1.218060157854466,0.8501595707532572,1.8643420552616567,1
2.1986248215914364,0.7861582211205703,0.604963990449038,1.0,0.5,1.0,0.6502084797195326,1.4470321268747164,10.439472541867811,1
2.1013489184160647,4.402175955838076,0.1989333860818615,1.0,0.5,1.0,1.0116055643197843,0.5700698481774273,2.348183478258906,1
2.605916104735404,2.926774671582927,0.6831782685047086,1.0,0.5,1.0,1.022212409715423,9.40887855017556,6.850374655289652,1
3.448487212646902,2.1326610227563325,0.6852313332728615,1.0,0.5,1.0,0.9562724740808857,6.0198248801548235,6.8219327450605975,1
3.6949757635781184,1.907886307191227,0.44241167494123823,1.0,0.5,1.0,0.5770990129675125,-1.302695410465567,8.652949977416794,1
2.0952735724217364,3.8876622269612198,0.2143841441677238,1.0,0.5,1.0,0.9407516657084334,18.850114667879602,7.343690034772053,1
4.169833081624892,2.940624852002347,0.39691708464650177,1.0,0.5,1.0,1.2952843380838455,0.9603704152048073,1.7274079151942063,1
4.740852838274809,4.7890586429601125,0.8748841318846372,1.0,0.5,1.0,2.8128704158196904,6.37826906325591,2.7894921361610265,1
0.9540579295067312,2.4528074576837637,0.8366736381194662,1.0,0.5,1.0,0.9832889066913967,4.053385712988463,7.971704891734743,1
0.5398988571817971,1.4998079822339405,0.46760467952127505,1.0,0.5,1.0,0.9443912195839035,0.6651913788493387,2.5307910090966512,1
1.7512011614053338,2.857588194867773,0.5289669645496068,1.0,0.5,1.0,1.1436460484164734,1.1966920444516147,1.9696641670264297,1
4.298477711823823,1.1976359437998645,0.7048629284043483,1.0,0.5,1.0,0.8948993113207968,2.2994003291328133,6.630979194741533,1
2.7207947420947094,4.8263566824481146,0.7866313179457161,1.0,0.5,1.0,1.4897161043926195,10.445719271259621,4.61505937700991,1
0.5925287380561692,1.9978053520493955,0.30403976673165656,1.0,0.5,1.0,0.9859010820130458,0.5773778156606973,2.4219532272930357,1
2.6962058745432174,4.981054426946191,0.56339076433131,1.0,0.5,1.0,1.4025113014547843,2.212270909498627,1.5120819809769495,1
0.8105958020373945,3.7368722074098453,0.26067373594182464,1.0,0.5,1.0,0.9957799606601413,0.6128955295828462,2.3865989818177806,1
2.5823939872313413,3.1797072690436323,0.8302363494349689,1.0,0.5,1.0,2.0049144873979623,2.5059441931081747,1.0990993744352786,1
2.035766985834575,3.3252160262727486,0.12825773397259044,1.0,0.5,1.0,0.9779627579115925,4.480467048303661,7.241533731895418,1
0.7809155080926897,2.1270749284017882,0.5718536196408096,1.0,0.5,1.0,0.9518508650544142,0.9835561462060974,2.448223192578611,1
1.775185014534701,3.713305087070857,0.35670719342809054,1.0,0.5,1.0,1.0469046691599886,0.8291807772524051,2.2156437519800423,1
1.715944252683559,3.47958578364402,0.6668898879705032,1.0,0.5,1.0,1.0038418142622676,14.936927464631916,7.28419266252356,1
4.892836875417647,0.663723950932128,0.17708607254734857,1.0,0.5,1.0,1.0296205951157875,0.5023370525952379,2.309014857162996,1
4.242807784598893,1.381271866784377,0.8249672119881971,1.0,0.5,1.0,1.686043996983943,1.7329859450887202,4.779139456959046,1
3.072209646517993,3.0085980681921356,0.1037646506608656,1.0,0.5,1.0,1.0031968406916563,0.5064411779385786,2.383332556834528,1
3.0487167536316893,4.352495010318832,0.895054309466592,1.0,0.5,1.0,2.155730933711362,5.7671148901318015,3.562295363401517,1
2.2127009239560764,0.8398414978892599,0.8230489477796747,1.0,0.5,1.0,1.1797449641503128,0.9705698221666254,7.707173206994232,1
2.364704338973954,2.261397534285303,0.4753329373759273,1.0,0.5,1.0,1.1987672781766276,0.9309077560467125,1.894171503326755,1
2.963459566142643,0.30319298937244776,0.11217819822027578,1.0,0.5,1.0,1.003637239517333,0.49939531278376065,2.3832771491419718,1
3.951900492797245,3.1631611315667674,0.4153257717505179,1.0,0.5,1.0,1.3148418677824039,1.0603418353058498,1.691963488515245,1
3.445399931829819,3.5639728513759126,0.3329030491782155,1.0,0.5,1.0,1.1313829188416982,0.8242688551476154,2.024074330467822,1
2.263889293884491,1.237039075361911,0.2104959636112077,1.0,0.5,1.0,1.0153969947050343,0.5152213535179812,2.3467875950750314,1
3.163114031627347,3.688266771430419,0.5862822834646917,1.0,0.5,1.0,1.5764009549364253,1.8466062865873991,1.3679824631632056,1
1.6493206400668934,3.207070197865428,0.4288462834866037,1.0,0.5,1.0,1.06772678073517,0.95940432527049,2.150097963450864,1
2.5094400949659064,0.06521129396078074,0.7232287877185175,1.0,0.5,1.0,1.6765260550205494,0.24349250420358576,1.3944977921027923,1
4.538329270774232,1.4580172770734434,0.3894860478922799,1.0,0.5,1.0,0.5370928311324954,-0.5080196048331103,8.350583176598537,1
2.711706785223081,1.9889530619057143,0.39552993510279755,1.0,0.5,1.0,1.1483798509339267,0.732588681744477,2.0049588363928126,1
3.8568478946895146,3.267820855364611,0.3566824092148003,1.0,0.5,1.0,1.1918305814771657,0.8761792099931265,1.9022245915782192,1
3.3555715613481545,3.417616766402052,0.45205811530264817,1.0,0.5,1.0,1.3127045680263805,1.2161817624713713,1.6852591472607301,1
1.6734072014731252,4.314525506838563,0.1045942503571789,1.0,0.5,1.0,1.0010265890278676,0.5094557745801123,2.3892188967885963,1
3.736860963667567,4.044840489033909,0.2687578221793554,1.0,0.5,1.0,1.0776505669065335,0.6991306307646284,2.157467979037735,1
3.0650046808481335,4.910449182539499,0.34126882580171536,1.0,0.5,1.0,1.1201705742844295,0.9967441024273875,2.0257833014132607,1
3.2683131521649877,2.068571763269781,0.4528166739308095,1.0,0.5,1.0,1.2980450450407517,0.8751236321237011,1.73739911618404,1
3.8872024485672547,2.7257545844755833,0.321961528197086,1.0,0.5,1.0,1.1434826203301887,0.7235636812304306,2.011463002782041,1
3.8363816084052003,2.7962633732405253,0.3463417963707761,1.0,0.5,1.0,1.1741034028181347,0.7840220680034719,1.9451546054009234,1
3.186801839915183,3.711182543526637,0.15121038423287747,1.0,0.5,1.0,1.0103807715993542,0.526385137354517,2.3589930811377027,1
1.2444718974633955,1.7632345316049363,0.2993985374392848,1.0,0.5,1.0,1.0084565479891787,0.5693605482001306,2.3577634467126685,1
3.0487041115869773,0.24536310456331756,0.8340928924517964,1.0,0.5,1.0,2.3145632162293146,0.3080136779555761,1.015924763182684,1
3.8094051178793635,2.097893660174519,0.22152708841217406,1.0,0.5,1.0,1.043639844962403,0.5468018288347654,2.2645947796068704,1
0.7823220266658046,3.6960061862957727,0.5532039099425878,1.0,0.5,1.0,1.0244163017637078,15.796500513706278,7.71181321598724,1
2.3677563308720244,1.5695964198561803,0.14333608325453087,1.0,0.5,1.0,1.005180831967977,0.5067341307529759,2.377482864604241,1
3.9128702029850184,1.0540713940717645,0.31416640386817574,1.0,0.5,1.0,0.6233322709718189,3.754705321263533,8.921528274084697,1
1.5479577989068187,2.831870304602377,0.3322954937673607,1.0,0.5,1.0,1.0265722803933728,0.6859136577859162,2.2893587151952777,1
0.989322705752081,4.363722939508048,0.23864604180027646,1.0,0.5,1.0,0.9998111058805654,0.609296418696218,2.3754624515229636,1
1.4719562974724296,3.702185717209991,0.4673420335793236,1.0,0.5,1.0,0.9300738743378122,94.03569902649899,7.895219953010304,1
4.706313834057193,4.473668485677396,0.5486632088010253,1.0,0.5,1.0,0.7419808011498634,-3.7647386849800184,6.853656239850924,1
1.2375042622577497,1.5390363875464002,0.6309751057561716,1.0,0.5,1.0,1.0710640425333338,0.9231774124069287,2.1593486970418674,1
1.8375142935919149,2.564219482831349,0.19782209754819835,1.0,0.5,1.0,0.9542084603233376,4.397627874745862,7.939040895099444,1
3.0250224365319247,4.708988466076356,0.5979602563763294,1.0,0.5,1.0,1.563657800640716,2.3332546996143066,1.3536375112195103,1
1.791800357480359,0.5787122113778476,0.5784744189988197,1.0,0.5,1.0,1.1899397189129366,0.5277595254092127,1.9646293397556824,1
2.9821080859270945,3.7763301480211204,0.1014882949563944,1.0,0.5,1.0,1.0027723866764942,0.5076095345753393,2.3843777799613246,1
1.1840652248101784,3.0750238789364195,0.5596069340462145,1.0,0.5,1.0,0.9749129681206976,11.771910080137859,8.095093308292974,1
3.661308347434158,4.469696523650863,0.714423921319918,1.0,0.5,1.0,1.3330065604517198,13.551278606807427,4.938643421286203,1
3.24791761454183,4.9706724442998205,0.3694060173147604,1.0,0.5,1.0,1.165544253977337,1.1445812600381082,1.9206550011083625,1
1.5839059266264297,1.3429111817352424,0.6026130426757588,1.0,0.5,1.0,1.1576851677519315,0.8244471757984054,1.993469818799972,1
1.0377980374355091,2.0395124059072263,0.3754574673655122,1.0,0.5,1.0,1.0025455448523366,0.6582933002946374,2.3599041257406683,1
1.0366130423999498,4.145194664875985,0.7671059206131953,1.0,0.5,1.0,1.0186593044978758,2.7754196370522464,2.0488348324817096,1
1.6312801802030128,0.4456995022256549,0.6017818354997353,1.0,0.5,1.0,1.167592659966688,0.4794565541885331,2.0143489680245596,1
1.4179963738957615,2.917543569526957,0.41254980157366195,1.0,0.5,1.0,1.038172258683506,0.8513258088714248,2.2358323518284022,1
4.373100187280626,1.5587657819806122,0.5158266199100178,1.0,0.5,1.0,0.528435021379039,-0.374662878515857,8.413623721195222,1
0.8693540268761877,1.8222463948701983,0.8223073096704928,1.0,0.5,1.0,0.9212223679396827,1.422621461240808,2.4534572915950625,1
1.1541511839186775,3.764315523673284,0.4602909824406195,1.0,0.5,1.0,0.9776039271784815,28.78117833467247,7.772731385289423,1
3.0394859065059228,4.472578245785004,0.8210023178917653,1.0,0.5,1.0,1.7203883374363054,7.616293011472382,4.172969869668805,1
2.4612962194696544,4.968984167397105,0.3275552895237861,1.0,0.5,1.0,1.0708791656670091,0.8977355469234659,2.1468586435852552,1
1.5028368046658234,3.081076710331484,0.572329598871735,1.0,0.5,1.0,0.9357519161616844,16.391240271187613,8.10039279377886,1
2.8430868107122693,1.53532461492973,0.4466952192351109,1.0,0.5,1.0,1.2270973154601008,0.7255059157013423,1.8643837858795649,1
2.9590097782481672,0.1329343889844109,0.15197111168882255,1.0,0.5,1.0,1.0091995427300147,0.49707791403927587,2.3674688353505586,1
0.6737104187439105,4.194767855359627,0.595923996674859,1.0,0.5,1.0,0.9179662548261479,1.7476526099498337,2.414498802107684,1
1.9097888015953206,2.872369216817192,0.8018186566327885,1.0,0.5,1.0,1.239972955029953,4.932470593779436,6.187504640137141,1
0.9482311657948904,0.981518658227043,0.36385917178206106,1.0,0.5,1.0,0.9969023382134647,0.5432513254826274,2.395442222493296,1
2.561819983926571,1.7902205500657549,0.778757476051099,1.0,0.5,1.0,1.8401153511119244,1.365247007788325,1.226706260648841,1
2.9548127538597506,0.38214440033791985,0.31041082291285205,1.0,0.5,1.0,1.0806801787093099,0.491114089756522,2.181780699854063,1
2.782384429093388,3.7948416488805385,0.6029836549700387,1.0,0.5,1.0,1.506567779279527,1.937449316533979,1.4301892075357527,1
4.982699813427905,1.6124883041015576,0.595931078035524,1.0,0.5,1.0,0.6340906354504257,-2.0964972983050143,7.364103668854391,1
4.816536767203912,2.237950214786186,0.2288540194968766,1.0,0.5,1.0,1.0673291796919706,0.5620401096569472,2.201779163741078,1
1.5340016769424099,2.014079826199499,0.1997773219151971,1.0,0.5,1.0,1.005499647616137,0.5254376760379458,2.37339182498496,1
2.6381827495366132,4.850091499740957,0.8025752467669222,1.0,0.5,1.0,1.5193718588716876,9.951437998691521,4.541727674583078,1
3.183018693674737,4.684907106666037,0.6028588195040732,1.0,0.5,1.0,1.6274983889792598,2.375109965018351,1.2996236134468513,1
0.8631048489624147,3.272513019326941,0.5706990982971037,1.0,0.5,1.0,1.0160703879411037,11.108362015208066,7.933221229179056,1
3.405058749589947,1.2970831925670283,0.6861930668971115,1.0,0.5,1.0,0.8266875602046366,2.8857272703147574,7.6277348236496065,1
2.9015842667540324,4.835105432614741,0.2027558718949937,1.0,0.5,1.0,1.021614070955905,0.58815143620598,2.3170948954685087,1
2.864692157360625,4.264313392897309,0.23373677085631936,1.0,0.5,1.0,1.0324251781012188,0.6189158363991989,2.2829593279316724,1
3.9737317242574606,4.67281896764368,0.690358182583153,1.0,0.5,1.0,1.2746674682274968,19.277875743494626,4.992541925115836,1
3.4397096862674386,1.081733404303689,0.8426745478513047,1.0,0.5,1.0,1.5695579292135593,1.2779849329085364,5.509095558175815,1
0.8705276112253533,1.8286903377236436,0.14459338997983429,1.0,0.5,1.0,0.9994864674732049,0.5083658631070551,2.3939869882862355,1
2.6024047671374686,3.684248900624327,0.5015079379497716,1.0,0.5,1.0,0.7759692608981724,-7.492977887474903,8.038958673019309,1
1.5529042938321482,3.1545649177385986,0.6907502189715908,1.0,0.5,1.0,1.0168510431525055,9.708530647365764,7.4189997563144905,1
1.6413960829753609,1.6412734917024052,0.265076966400115,1.0,0.5,1.0,1.0158448407006992,0.546391424304019,2.3406184230571245,1
2.5400341558193036,0.294361023475887,0.43340525000977703,1.0,0.5,1.0,1.1699435619496266,0.4610043318984174,1.9980002577455636,1
0.8802433067154904,1.302803221616729,0.8928618047510829,1.0,0.5,1.0,0.9104943385627351,1.157113033465981,2.5215804629032634,1
0.8120250245736729,1.4754681392834468,0.40434951305704714,1.0,0.5,1.0,0.9848120614581183,0.6151632922006743,2.4180309464933605,1
4.237639277440952,0.5676131557484632,0.8422468867770743,1.0,0.5,1.0,1.5001548732672865,0.5883352403521915,5.406627748514649,1
3.7479422934378905,4.493025797418885,0.7557094433486117,1.0,0.5,1.0,1.545987871755723,9.825239487635917,4.407010617773451,1
3.1446522538979442,0.26513128421300935,0.8228076126583235,1.0,0.5,1.0,2.336421643721611,0.32607414126163276,1.0035006933675117,1
3.12497158072561,0.8473256981299448,0.8623442951541478,1.0,0.5,1.0,1.5741826658957865,0.9413229213160611,5.866894260275842,1
1.2374837891708728,0.9776071547715731,0.584308137500907,1.0,0.5,1.0,1.0571515761263568,0.6607292837172868,2.224384971139581,1
3.819969586147011,0.6601484490407467,0.41525712822234295,1.0,0.5,1.0,1.2953163145122821,0.5321499068362807,1.7704958520465195,1
2.519108121746169,2.288500762618923,0.48323115548805984,1.0,0.5,1.0,1.2319479265483866,0.9619436680762155,1.8352469958701363,1
2.5334987446601684,0.0874924495092505,0.8478109624403822,1.0,0.5,1.0,2.021026630108044,0.18263315733708674,1.1748596303132628,1
3.0985488026897112,3.530383659877109,0.6302409878935568,1.0,0.5,1.0,1.6714758186229832,1.9536031818224802,1.2913392094570153,1
4.805534206133294,2.768462199835549,0.38211077572437147,1.0,0.5,1.0,1.3283419529899962,0.9147663209081806,1.682524957121179,1
3.8877692654047205,0.9099619698504546,0.5754519655138222,1.0,0.5,1.0,0.5255909957316826,-0.38417173169181573,8.881298294196396,1
3.824269772093933,2.846649995193337,0.7728859644740336,1.0,0.5,1.0,2.5165083539443183,2.0943274334058533,0.8797431587290004,1
1.1452908176391217,4.072494956394358,0.8540728705863615,1.0,0.5,1.0,1.098015410999467,3.2445602336625794,1.8771233238129144,1
4.323758155876705,1.902978069835815,0.22242829507741535,1.0,0.5,1.0,1.0524705767988516,0.5430402045889484,2.2421771711250695,1
3.183849855895533,1.299405997969017,0.6610544199464485,1.0,0.5,1.0,0.7486185694678542,3.96778506669869,8.246552916352963,1
1.920360588419625,3.5964864013048876,0.4122879889691371,1.0,0.5,1.0,0.866459071214508,-34.21345064197931,8.020498574274383,1
2.6401564535086495,4.553748109413883,0.4184776539676235,1.0,0.5,1.0,0.7947811750164633,-6.666498594771171,7.712254211065336,1
0.7370664902298394,4.809667874160015,0.23205753006402008,1.0,0.5,1.0,0.9957595723947855,0.6095984948920143,2.387210105408673,1
1.8130123033719923,3.825430217464238,0.10040995008950199,1.0,0.5,1.0,1.0011255409560222,0.5074923984722647,2.389271661444686,1
3.910994161766939,2.460125172653223,0.6355528102324162,1.0,0.5,1.0,0.8388073083980958,72.94847538152223,6.983633219765892,1
2.0131683702741583,1.5160615542712896,0.8641978163098755,1.0,0.5,1.0,1.3811955160561262,1.861269751872251,6.509258784783116,1
4.5248205877509555,3.194608107547969,0.3789704503256439,1.0,0.5,1.0,1.2939538489206,0.9710593397159683,1.7266929424814592,1
0.9498660119558142,0.331372028364042,0.3189684797047326,1.0,0.5,1.0,0.9979453499786288,0.4895313606640229,2.4017520312791563,1
3.807029787798765,1.2918703741335147,0.3065290249737468,1.0,0.5,1.0,0.6581803208429082,5.361647841706061,8.76122797958006,1
2.8740251221803446,3.8460021224086614,0.8852270802206551,1.0,0.5,1.0,2.38823065839664,3.266504449108447,0.9235962679565732,1
4.82142463715921,2.8496597901021508,0.6167196612519571,1.0,0.5,1.0,0.8234888870142286,-13.694770484536235,6.495175990837044,1
2.0011458978462104,0.7451929293438925,0.6033021554295807,1.0,0.5,1.0,0.6811873606183791,1.1468170124407049,10.651496059393939,1
1.191283683123503,4.450490352047341,0.21805670521876888,1.0,0.5,1.0,1.0026216388230293,0.5878754540195786,2.370975983495432,1
3.5058273290307733,0.2698417466595515,0.6497895532939684,1.0,0.5,1.0,1.8691795562742841,0.3831645798581107,1.2235825112980885,1
1.3887530168465296,3.275899263785253,0.7718088713104009,1.0,0.5,1.0,1.0807169778743382,7.43801005956564,6.90507973616312,1
0.6161114137137098,1.7333289816991577,0.20447818977659873,1.0,0.5,1.0,0.9957533429045111,0.5211099615728985,2.402801450369505,1
1.7136597771169548,1.748191864848957,0.8768285752454128,1.0,0.5,1.0,1.5167159686225231,1.510190559055735,1.5029725322191188,1
2.139858739032653,3.4524497506969105,0.31657812380736045,1.0,0.5,1.0,1.0490328040417507,0.722592206114868,2.2252736359212726,1
1.6133664511988564,1.9636872151699243,0.5920438018354343,1.0,0.5,1.0,1.1588489885535083,1.0481517419102406,1.9648501760717647,1
3.15309086258584,1.999938353356681,0.24576016806346948,1.0,0.5,1.0,1.044568331257777,0.5570238348608804,2.2608994099264836,1
4.247660012119525,2.791305606020558,0.5749463066575449,1.0,0.5,1.0,0.6901872403213793,-3.5411224605567395,7.494741042854173,1
3.779567581676012,1.0577539483371639,0.8608331552056916,1.0,0.5,1.0,1.8111343253163468,1.2106494854955459,4.958726308942583,1
4.061008648216177,3.977613302242235,0.6983289163347082,1.0,0.5,1.0,2.276595675376808,2.527518167702896,0.943766137037642,1
1.4222849510875732,3.259351386857914,0.2947987170229249,1.0,0.5,1.0,1.014356637058425,0.6534936037419243,2.3271789298580576,1
2.8812845724115514,4.455719167999302,0.5270536273121733,1.0,0.5,1.0,0.7964139020109773,-6.831566363310117,7.572378837015987,1
0.797979600925786,3.7230400110601747,0.879789123670324,1.0,0.5,1.0,0.8531151034621153,3.093671970864604,2.3673023947199137,1
4.014569198680091,3.32292161958418,0.16062175958518116,1.0,0.5,1.0,1.0176923859466873,0.5298260713857976,2.337585719832864,1
1.783655669433171,0.2488667725442334,0.42685977955743337,1.0,0.5,1.0,1.079093122093506,0.4594095439387071,2.194352185622107,1
3.3644856055262338,4.102807619196753,0.4038747093694639,1.0,0.5,1.0,0.7136988165156591,-3.749469894223325,7.804913097707501,1
2.175540862457019,0.981402776410869,0.14085556083187464,1.0,0.5,1.0,1.0044349551522238,0.5029954447388844,2.380323281526581,1
3.607401764121196,2.184725454204779,0.5613849102429364,1.0,0.5,1.0,0.639868996182272,-2.8639630079132083,8.31911680827725,1
3.653834344011256,2.0003492555678024,0.7798798066495225,1.0,0.5,1.0,2.453264846222814,1.5296918768746806,0.9164944318435738,1
2.6630566647509544,2.6959881081911465,0.752564369869722,1.0,0.5,1.0,1.830434464751689,1.9063409122110624,1.2055949264344803,1
1.8474641272691585,3.659084942258958,0.31708139439749505,1.0,0.5,1.0,1.0359451043330135,0.7289560320926333,2.2576706989759256,1
3.925862579576195,3.06469383422899,0.8650190978185456,1.0,0.5,1.0,2.2365411484362023,3.9843253012821482,3.6714702990593175,1
2.6322573880427407,3.6364045295907683,0.15147158326305776,1.0,0.5,1.0,1.0076691229406176,0.5250062418294947,2.3670690655691176,1
3.7208201685290847,2.70608870802467,0.2846662749091012,1.0,0.5,1.0,1.092403226212814,0.6477390756951706,2.1308341441732312,1
4.1068906539137435,0.985432019442814,0.5034702397478873,1.0,0.5,1.0,0.49223639752441867,0.037307499046148516,8.881122390064908,1
3.400664636874824,0.44391519218639597,0.5535155500840299,1.0,0.5,1.0,1.5460606328466449,0.4790697119184349,1.4753255089171435,1
1.0141008279318102,4.559863970238903,0.2793565042302125,1.0,0.5,1.0,1.0003973355160287,0.6827552026890666,2.3613004213206046,1
3.0833353634061296,4.691619339217768,0.4564747629635799,1.0,0.5,1.0,1.2810454818677022,1.5352321627567496,1.70171910519821,1
0.5500337830115045,1.9079799218896727,0.5749002300944633,1.0,0.5,1.0,0.9015118813921249,0.9017136279155208,2.618435908520589,1
2.935558583219172,4.813767243559688,0.1755483538233171,1.0,0.5,1.0,1.01422104775582,0.5556110867395924,2.343103717605837,1
1.016001315100621,1.9019536029645816,0.44893191127646326,1.0,0.5,1.0,1.0018110623153293,0.7344290138797318,2.3499352511816705,1
4.17342402665238,0.8709714932300616,0.11832068513866717,1.0,0.5,1.0,1.0071131349563238,0.5014244689939997,2.3727290909205903,1
3.653259139607864,2.2318976211038017,0.13269566486615034,1.0,0.5,1.0,1.0082064132027566,0.509203256450192,2.368210694249852,1
4.684771828009063,0.22698033155896635,0.4818721863218697,1.0,0.5,1.0,0.4397331832813608,0.6826322729640781,8.769810945818447,1
2.1243414491774972,4.772149444064251,0.4375827944016093,1.0,0.5,1.0,1.127388168959126,1.3360228498992806,1.9758688724837523,1
1.4477204662213736,4.302390919280837,0.5175251265010766,1.0,0.5,1.0,1.0789309846004311,1.5305521574855543,2.055524964293152,1
1.2175296434767555,0.6802798286275946,0.5803090372994063,1.0,0.5,1.0,1.0513599750151017,0.5593662962374095,2.2526640699811153,1
0.7731344288002968,1.7310680936353302,0.6455074375715514,1.0,0.5,1.0,0.9290052612094827,0.9963647587898525,2.5104043660858872,1
3.720877449650029,3.2901862126559402,0.2123083297143664,1.0,0.5,1.0,1.0366532759494682,0.5704048135812179,2.279212554491865,1
0.5864909820912294,3.241309444673091,0.403609214014894,1.0,0.5,1.0,0.9667616432361309,0.8190032119112481,2.4355099971428644,1
2.9818793726605293,0.6374947375099238,0.21292456969887033,1.0,0.5,1.0,1.0258574117876664,0.5031636215147575,2.3195473260843666,1
1.242022161277545,3.5615758607838384,0.264704576393654,1.0,0.5,1.0,1.0059241421199012,0.621218961293957,2.3559726724852346,1
1.45333259313207,4.0846621127625475,0.3986521577285086,1.0,0.5,1.0,1.0379461134382355,0.9878186235565133,2.215506834540413,1
4.144261131997169,2.5084149418969237,0.5611420345753281,1.0,0.5,1.0,1.7557642357122862,1.311292377841167,1.246323353879018,1
2.107789732542062,2.350143579622157,0.42283443640246376,1.0,0.5,1.0,0.7999513365060082,33.12213826583681,8.762433685831649,1
2.9498912049818466,4.46097274539821,0.5958347460764157,1.0,0.5,1.0,1.5414536084189894,2.215554603638606,1.3799095264236496,1
3.1138808291021527,3.147940121439761,0.11339865076672587,1.0,0.5,1.0,1.0039337226754255,0.5082456476892511,2.380849061345421,1
1.537378932462556,2.072649515247144,0.8811709878063673,1.0,0.5,1.0,1.392522436437966,1.7788725496155628,1.6155563176227277,1
3.8370716397912976,4.558100453492152,0.5455774011685735,1.0,0.5,1.0,1.6396669606169898,2.0634535866289827,1.2957202697129135,1
4.4119286838084,2.3262553611812438,0.8252242086150097,1.0,0.5,1.0,1.9297433607601207,3.1458701989847944,4.103830913676901,1
4.9642468963880075,3.3247990885777097,0.4848869144044722,1.0,0.5,1.0,1.6596585257216594,1.4019178071452305,1.3045103534643825,1
3.69976809746279,4.7556226450557,0.47094583814177604,1.0,0.5,1.0,0.6966331455500845,-2.9473283113030084,7.599620601594064,1
3.6058221372335626,0.2370047195612751,0.5655478544257153,1.0,0.5,1.0,1.634541967061516,0.39587118507517627,1.396166504873168,1
1.8677951177549657,3.8308362453968092,0.33360489362055556,1.0,0.5,1.0,1.0430792029333487,0.7835282979761646,2.2314264646574555,1
3.2072587855638908,2.4913582620444514,0.8979119155236196,1.0,0.5,1.0,2.1622624940022126,2.9915569304980925,4.058038008253447,1
4.421544334601306,0.43935843113895146,0.8305751245423136,1.0,0.5,1.0,1.3563340096986325,0.4191850619907968,5.564968043577107,1
3.948565841252911,0.5570572565184628,0.6980006641431081,1.0,0.5,1.0,2.2242883051220677,0.5329308504384018,1.023015568226887,1
4.640063715386809,1.5009453103540564,0.5444918288176995,1.0,0.5,1.0,0.5398277747959139,-0.43134897034553626,8.156295596374989,1
1.187259344667192,1.8433912877795415,0.49430136402850156,1.0,0.5,1.0,1.0280005916422987,0.7967886279224181,2.2721143619825637,1
2.4454550858231308,0.9450228531893845,0.8856433839285381,1.0,0.5,1.0,1.5555489905584332,1.0464974936490892,6.315972254416788,1
0.5834892289647922,0.8820548876486112,0.3392331008246,1.0,0.5,1.0,1.0974282439128853,1.032684957778868,10.317128973631004,1
1.6186888612838422,0.30125703957873173,0.42222654568231965,1.0,0.5,1.0,1.0604086208722625,0.46941842827964125,2.238190799765358,1
1.578701117707236,1.6643285997639463,0.18600564107035408,1.0,0.5,1.0,1.0048346184299015,0.5158571232962659,2.376965826412251,1
4.391289063092666,3.930209166040143,0.1118176303857351,1.0,0.5,1.0,1.006402097855995,0.5111440393163448,2.3731026372537816,1
0.6428565999769715,3.331001428557177,0.31638326266159816,1.0,0.5,1.0,0.9858377203517827,0.6696321664551582,2.4058148294692936,1
2.09964503463289,2.4256757372949393,0.8560843970658218,1.0,0.5,1.0,1.4359521717652108,3.324331290853261,5.685520999158337,1
1.0414084999413964,1.7961676178079389,0.709984487642267,1.0,0.5,1.0,1.0170510949208331,1.1763765444553724,2.2513501058530476,1
3.1504120276782093,1.8292211426066345,0.5085694169469187,1.0,0.5,1.0,1.3908121630943209,0.9137205046738813,1.614568875101502,1
0.659624522066734,1.7436427407104294,0.6551520068540473,1.0,0.5,1.0,0.8912765920588435,1.0030635198288405,2.6255378587413283,1
0.5776503175701877,2.43704962771599,0.23905293730093896,1.0,0.5,1.0,0.9926939660135077,0.5513562150880934,2.4065040077906015,1
1.3496871441717755,1.5074959959895256,0.2721260759091856,1.0,0.5,1.0,1.0091830988132806,0.5424528588851288,2.3601275341047665,1
1.0077198614719498,1.4216788499192068,0.7116339156912822,1.0,0.5,1.0,1.0031692095533018,0.9772917098203411,2.313152373566568,1
3.1249873795372207,3.865718095719433,0.7702664003725526,1.0,0.5,1.0,2.1255513857445885,2.7563371955927436,1.0181253393132474,1
3.7210151204007422,1.0221299777838366,0.405813313615741,1.0,0.5,1.0,0.5377373420432965,-0.912680058091097,9.083869993566731,1
1.84209012536768,3.753547789067786,0.593664014765634,1.0,0.5,1.0,1.2220388016172696,1.7746086931103608,1.784838721210603,1
3.3359099683176674,4.344646670958932,0.29015177954784044,1.0,0.5,1.0,1.0815705079054123,0.7613115404153094,2.139968745258861,1
1.7182938981604277,3.277974368726058,0.7794051759422629,1.0,0.5,1.0,1.387531582767887,2.3435735230773536,1.5610496738903357,1
0.5499786733299734,4.560724267481931,0.3140301897318698,1.0,0.5,1.0,0.9826868547784453,0.7367915932000757,2.4033240332830133,1
1.9592740138109608,3.208149311679348,0.8327014011355669,1.0,0.5,1.0,1.6070637263816268,2.5113715998910435,1.3576919899015034,1
0.7968424121364648,2.341189720760531,0.7487622343321211,1.0,0.5,1.0,0.9049316489061271,1.5491933749977285,2.4800487258208355,1
2.7328857226593235,3.0069277662410254,0.6719533618207145,1.0,0.5,1.0,0.9945814172927749,11.902575859084012,6.885273558510103,1
3.3259344069064105,0.07161418015534604,0.8113182267925079,1.0,0.5,1.0,2.393371600198228,0.19026417914231974,0.9797687096948806,1
1.6022617385323459,2.140343030019307,0.7753523912025791,1.0,0.5,1.0,1.31669229292275,1.562632764082052,1.7006001017722654,1
2.075902775629828,2.1857751820283373,0.58520299439032,1.0,0.5,1.0,1.2716958786801853,1.1411740901455725,1.7679993438093515,1
2.0765726264306266,1.3908985927036026,0.5170941282029243,1.0,0.5,1.0,1.1933779680986427,0.7533693337128939,1.9271947641506848,1
1.3047806650952944,1.9774629540729345,0.27033671359264777,1.0,0.5,1.0,1.0077139012364558,0.5600226612995549,2.3613056509916412,1
1.0559078179202888,4.85316565187107,0.7588669362567877,1.0,0.5,1.0,1.0126006389008444,30.92983153570854,6.640868945674987,1
4.8134373902504395,2.0867514598295283,0.3084019761257838,1.0,0.5,1.0,1.1725143662000532,0.6539824863665842,1.9614960326258581,1
4.549832399679731,1.2767840371352341,0.44330553751527757,1.0,0.5,1.0,0.5039281882213766,-0.05486800852573245,8.449546743273885,1
3.2946298741944613,1.0603037639572794,0.4885244202793596,1.0,0.5,1.0,0.5318753884480979,-0.7898344782128259,9.45120625695696,1
4.059497923176668,2.999113920113122,0.3667563193609721,1.0,0.5,1.0,1.2248873011265324,0.8752280861284893,1.845003595076867,1
1.143949159687512,2.237046840694754,0.47257513654679684,1.0,0.5,1.0,1.019087106353957,0.8433798501995146,2.287160481706652,1
1.7479625280424251,1.9454005418983256,0.403730416343705,1.0,0.5,1.0,1.064486630023374,0.7041341657393848,2.1928991035158485,1
0.9942451866005411,4.524038198349976,0.7371213181113275,1.0,0.5,1.0,0.9990071177766894,27.031216353137218,6.969871448925064,1
3.224619424570911,1.2798355155517405,0.5441482599176893,1.0,0.5,1.0,0.56609091100739,-1.6562612951249456,9.282890834809558,1
2.148540260237739,1.0590265084311112,0.32422385275918775,1.0,0.5,1.0,1.051970394933929,0.5433445647413294,2.245437208807055,1
3.100183583002686,1.497729485312635,0.6113851737292397,1.0,0.5,1.0,0.6729628977499992,-82.21420525741223,8.731376615234227,1
4.367356898647229,3.695803671703386,0.8079439188825375,1.0,0.5,1.0,1.9601765093666972,5.714462788728126,3.777563262268809,1
4.4722679896261415,3.7631979971620835,0.4890456429254022,1.0,0.5,1.0,1.5931578340128094,1.5449213970265294,1.3544276236005235,1
1.481806948537481,0.27340710083789466,0.4074170634052806,1.0,0.5,1.0,1.041424233661218,0.46959128009458323,2.2859522899684235,1
1.0279361531917335,0.5839262811101609,0.3382193472350149,1.0,0.5,1.0,1.0013777870652663,0.506294357199437,2.3888755956957697,1
2.036771980993934,4.883214107829498,0.2126125799829054,1.0,0.5,1.0,1.0133159954801483,0.5963809379269098,2.338956248046159,1
3.299689286539382,0.1530780796776926,0.7751342199946132,1.0,0.5,1.0,2.2291240498206863,0.2667497592487008,1.04391876242315,1
0.9916874681973612,1.9438531645515023,0.49335847333538185,1.0,0.5,1.0,0.9987737770042199,0.8075378766187042,2.3467599526834517,1
4.062666247654837,2.3937234049971083,0.3205005998769207,1.0,0.5,1.0,1.148296155769411,0.6871356711543732,2.0060752015905594,1
4.086486716191746,1.002607643840342,0.8723217426958465,1.0,0.5,1.0,1.9764879620531088,1.1248323799897373,4.637406372997187,1
3.4163940669487305,0.12316501131638846,0.8668475959524706,1.0,0.5,1.0,2.7085210686475514,0.19746984738701817,0.8749160862986889,1
4.384224381955882,1.0134637886438576,0.884654012994798,1.0,0.5,1.0,2.227222823981135,1.121126471856916,4.2532087835919254,1
2.3914047352084498,4.8889167323953515,0.5124992746819123,1.0,0.5,1.0,1.2533946838492493,1.8329432653917643,1.7218314750202446,1
2.3287745543636547,1.8534878091193434,0.6944499096609821,1.0,0.5,1.0,1.534166343925561,1.239820612642825,1.4629495338701672,1
3.963341562140829,4.094108027329046,0.7166819767129032,1.0,0.5,1.0,2.3237816975135894,2.6849870606545485,0.9249697815414678,1
1.1618356979017181,0.2592343970544214,0.34099223674641477,1.0,0.5,1.0,1.0080302876415466,0.48163008263012685,2.374030779685291,1
1.987931935991531,1.9392168245319734,0.5554935207190663,1.0,0.5,1.0,1.2182823159703384,0.9866836868101688,1.8635673276544642,1
1.7316300701422527,4.878585233858247,0.4020989382136956,1.0,0.5,1.0,0.9118577389493637,-18.267330317824793,7.468747242338851,1
1.4725775673762072,1.998127727132677,0.45840276947223757,1.0,0.5,1.0,1.0588945423625296,0.7902417801944539,2.1961334632297946,1
2.9702792676333702,0.938661196998416,0.45753920164230155,1.0,0.5,1.0,0.5585942958871214,-3.515597840882267,9.755021370201275,1
4.730414953080365,0.6578640138666275,0.7404997405202691,1.0,0.5,1.0,2.805146690035845,0.6010919796946547,0.8115810172318187,1
1.595387354347275,1.644068642464731,0.8122247293923367,1.0,0.5,1.0,1.3524065845884414,1.3049729984852254,1.682469257862082,1
2.578833575936036,4.635114161642493,0.11096795685503968,1.0,0.5,1.0,0.9774278370661544,8.257692454012444,6.643285920126604,1
2.98667397836902,0.3723601341035593,0.5041301819500389,1.0,0.5,1.0,0.463021666184629,1.8724907054770719,10.449251201734604,1
3.9062550764744817,0.7142186253708893,0.2767968644110884,1.0,0.5,1.0,1.0881389529595549,0.5126900781718442,2.1597863514493385,1
4.282544682511437,3.75751101010118,0.5566519058393933,1.0,0.5,1.0,0.7223233475679204,-3.7962435143841695,7.225826604462286,1
3.150154312191564,0.9812045381928469,0.512807853626458,1.0,0.5,1.0,0.5328075132734325,-0.9456919968887747,9.63373487481332,1
4.54366083248365,2.163169562052461,0.15681145156302254,1.0,0.5,1.0,1.0183946244150321,0.5156536425483018,2.3379696905396505,1
4.733184286733558,3.9058823785726036,0.15938688760666092,1.0,0.5,1.0,1.020861124575953,0.5351656202719535,2.3277527188301024,1
2.3841922107280604,0.7618348875353936,0.8072107344975494,1.0,0.5,1.0,1.1117088001762985,0.8749035749713042,7.833253794504557,1
3.4451858819191754,4.648591806828927,0.4758081814624423,1.0,0.5,1.0,0.7163823878588889,-3.502895525150251,7.651798386676158,1
4.955762819447903,0.38059580222339073,0.28629371338600784,1.0,0.5,1.0,0.527337686205845,0.15255341635671452,9.17384812554094,1
4.136566847256783,2.9539483855173176,0.836579225184131,1.0,0.5,1.0,2.0615912848503877,4.042471465456566,3.8523699941308998,1
2.1806095456339127,0.011505462706851155,0.47462074274199295,1.0,0.5,1.0,1.1648278658197204,0.38922171630096974,2.019783794012654,1
1.1218169426330693,0.787845759883069,0.27157317142760623,1.0,0.5,1.0,1.003156881366109,0.5116769706269888,2.382715854474208,1
1.410484875777283,2.10839902888083,0.5513564259769144,1.0,0.5,1.0,1.085117816359163,0.989744483491701,2.114507599466588,1
4.219628481000183,0.14196373031044152,0.14952273974861516,1.0,0.5,1.0,1.0144427615374871,0.49716504416228935,2.352336075500214,1
2.049994890673864,2.10452839712519,0.1786541378048786,1.0,0.5,1.0,1.0079506352962226,0.5202618575049579,2.367136477391374,1
3.959204237071257,1.2726118467192504,0.8901833010622807,1.0,0.5,1.0,2.2420620929815627,1.4321499308434136,4.269914351698754,1
3.437716078405337,0.3381570179004273,0.8256953646369628,1.0,0.5,1.0,2.520792514967712,0.3798441398761294,0.9273372552714882,1
2.5321710788185503,4.016811706788951,0.6778837780894166,1.0,0.5,1.0,1.0710702673573576,21.11249209395257,6.339705191427255,1
1.798037834651488,2.4688247823747567,0.13984670064845953,1.0,0.5,1.0,1.0027916615944334,0.5112694357558719,2.3837002932107816,1
0.6788411496975373,1.6871064627284227,0.8340265316993797,1.0,0.5,1.0,0.7990032860160319,1.3443346318587583,2.8403171108245635,1
3.8079943797481848,3.8231650982492837,0.4375137431452589,1.0,0.5,1.0,0.6541564664480652,-2.273621009744004,7.8760163373931595,1
4.807625697387496,2.8317943176138582,0.5839625971437415,1.0,0.5,1.0,0.7139149321387379,-3.901307815587186,7.028453932735112,1
4.525202331271729,1.1719440042382911,0.2774348974273082,1.0,0.5,1.0,0.6452564859074695,3.4922477955965103,8.580896501486988,1
2.964816747519292,2.72111329939345,0.6069253711530573,1.0,0.5,1.0,0.35824239794236645,0.334545829029646,13.732052374088134,1
0.956342795808085,1.4053286657072834,0.3060939999566717,1.0,0.5,1.0,0.9984140548919589,0.5505514544275323,2.3897909450398536,1
2.6984694438082104,2.943156944050437,0.44499810652630223,1.0,0.5,1.0,1.2094457840175312,1.0333007225841417,1.8616970289043242,1
4.493088807951668,2.0574817695973504,0.5290901045077038,1.0,0.5,1.0,0.5660198174940128,-0.8422012861177871,8.080167358653338,1
1.048003504021486,2.5042655405478067,0.8614949226997312,1.0,0.5,1.0,1.0212151869519914,3.8499962244324704,7.566042511646064,1
4.5163586369037345,0.06261872041189831,0.8866043186711251,1.0,0.5,1.0,3.6317456412839726,0.1354583325990009,0.654345183014133,1
3.008973259166423,4.084234219954552,0.28535709511851515,1.0,0.5,1.0,1.0665981754656775,0.7243543564473018,2.180809939660108,1
0.7947696556366264,4.446950308917861,0.49117328241851577,1.0,0.5,1.0,0.9702573388369649,1.3299434017149134,2.3392435101782545,1
1.6798866564688009,1.3098346684277957,0.405407284211697,1.0,0.5,1.0,1.0595737302721795,0.6144843639855091,2.218086075582249,1
1.4935504293943054,1.2386082147809718,0.5839716887402046,1.0,0.5,1.0,1.120746737193403,0.7593562357725826,2.0717463747428546,1
4.6551317484279195,3.2277985119685098,0.528080825354325,1.0,0.5,1.0,0.6263581544632777,-1.6484739190919198,7.570458668544578,1
1.2245550090170108,0.03149505814713349,0.7839369397082205,1.0,0.5,1.0,1.1205890444960183,0.1981016455824106,2.1588279576802796,1
4.360253948475939,4.361760808444956,0.23998742225568598,1.0,0.5,1.0,1.067420998511577,0.6566224220417648,2.1875830655453297,1
0.6181408317533184,2.3883469586181016,0.46198019981908756,1.0,0.5,1.0,0.9542273635959176,0.8168378152493694,2.4726257629466843,1
2.805268681968769,3.5851508348863748,0.7910502078029432,1.0,0.5,1.0,2.016348300415223,2.6427394079911894,1.0793632827834359,1
2.7176648402458783,3.8792233996573766,0.10449240809161885,1.0,0.5,1.0,1.0026432110821037,0.5086122722464063,2.384584365974869,1
1.4550975347464838,1.233247807333605,0.4116823877425059,1.0,0.5,1.0,1.0412208696867251,0.6041879610487949,2.265757623896253,1
4.3767801031073725,0.8708509611887083,0.7681352417678994,1.0,0.5,1.0,1.1233022934502193,1.1147870077096311,5.934330771899781,1
1.214455769995639,0.7847217309904347,0.38939542897975643,1.0,0.5,1.0,0.9382417730350454,0.9482069974927823,10.58317028450847,1
2.644106086389067,4.295992526658401,0.5722567421760507,1.0,0.5,1.0,1.4073350280469021,1.9892440901459396,1.5240954557616646,1
1.8036457073320098,0.7618470997137761,0.557136475676849,1.0,0.5,1.0,0.717704925526764,1.118469985770194,10.79438330657122,1
3.9632471450074314,2.209748771055396,0.28088000327956986,1.0,0.5,1.0,1.0942277550285606,0.6083161777621029,2.131957841432605,1
1.8609980945826214,2.2532861406148714,0.798534683459547,1.0,0.5,1.0,1.4904903789020871,1.7091963756431756,1.4985218764674917,1
4.593427198528014,0.5272974233727729,0.1573557371569564,1.0,0.5,1.0,1.019878438056985,0.5002736511945067,2.336396873042583,1
1.7845668006518802,0.008486915818056162,0.5193949907178401,1.0,0.5,1.0,1.1402156752117405,0.36628134071360746,2.0761227183643993,1
4.807184623293429,3.8274082972744896,0.34944666313387646,1.0,0.5,1.0,0.643302144115166,-1.9662461587333084,7.46360993280373,1
0.5869188240392961,3.239117917371926,0.6897840175414403,1.0,0.5,1.0,0.9856895105473115,9.763184256074485,8.12595525526811,1
4.395097035212023,4.302760588225574,0.6872357317365283,1.0,0.5,1.0,1.2672209443412947,16.420175469465956,4.95606468481133,1
2.9828392641859094,1.9079408902654675,0.3631400258781109,1.0,0.5,1.0,1.1339918906438071,0.6769645680004555,2.0392563337191123,1
4.052302187379534,3.0004899666596083,0.8340094169987502,1.0,0.5,1.0,2.0139971626472626,4.161315204181192,3.9150604873409933,1
3.943428960546095,1.1780759721035272,0.1952241420467824,1.0,0.5,1.0,1.0306997338766415,0.5130186074395442,2.3044608086671605,1
0.5398367476779,0.3851899013102422,0.3905371992915009,1.0,0.5,1.0,0.967153288546344,0.4885026865140691,2.4942600401057353,1
4.661188165321609,1.6238545011799577,0.12436153698303604,1.0,0.5,1.0,1.0097783547653931,0.5052504649548742,2.3643208604723327,1
4.312493132745973,2.260475502660876,0.526121856822175,1.0,0.5,1.0,1.6799567514133686,1.1376060444665685,1.30872156657765,1
3.375903829121073,0.497991540617026,0.5157893859972276,1.0,0.5,1.0,0.46555651013697225,0.5048378047983765,9.862246780197673,1
1.7987260327422891,1.2237670185927785,0.12158990738602755,1.0,0.5,1.0,1.0018942988279662,0.5027902961721914,2.387831413873569,1
2.6764576651650795,0.22721476066272728,0.16969131088471168,1.0,0.5,1.0,1.0107584098082538,0.4970365965964282,2.3630070489474755,1
3.1852471987115725,3.1399528934968526,0.789843672054662,1.0,0.5,1.0,2.2325424969488066,2.341007465250409,0.9865050581466384,1
4.622689587956527,2.468067480971221,0.7586497379590214,1.0,0.5,1.0,1.476899730410413,4.147202092887033,4.705386896823648,1
1.3062773071367375,2.7010199108747166,0.8411535089798859,1.0,0.5,1.0,1.1164079572812768,4.330019360967146,6.920657874939788,1
0.7905738846891279,3.9458514010907813,0.22859394176653708,1.0,0.5,1.0,0.9967685106044837,0.5837338325372194,2.3887712704267967,1
0.6931750017770786,2.6816062997862984,0.7982458163857195,1.0,0.5,1.0,0.9216901188424637,5.548791757521979,8.491069361486698,1
1.9991259005945083,1.1402213897643736,0.350042234103601,1.0,0.5,1.0,1.0569861610506486,0.5616136199355476,2.230656073594052,1
1.522309227844607,2.5915684339602145,0.18493291287077673,1.0,0.5,1.0,1.0043672548127416,0.5285566992117741,2.3761187880994457,1
1.302104546556694,3.892514261217088,0.27664924064837393,1.0,0.5,1.0,1.008297814931639,0.6518249373035632,2.3441553405975557,1
3.5243355423751597,2.239361816799737,0.1884173393094172,1.0,0.5,1.0,0.876328912228477,3.6829926994117916,7.928967430636854,1
2.135667949672997,1.087627451504859,0.7169597381187696,1.0,0.5,1.0,0.8971045628048084,1.6451478769962642,8.833960741637192,1
4.5366844775032575,3.4395884131621566,0.49731924052730647,1.0,0.5,1.0,1.6267680036916783,1.4685652301526595,1.330490880769009,1
4.878047998221013,0.9665821238806155,0.16468645596028358,1.0,0.5,1.0,1.0245588742930023,0.5054719984012105,2.3224366120908324,1
1.4579425620609077,2.4344831055981366,0.6950020654811775,1.0,0.5,1.0,1.1802043273522163,1.50490510919905,1.8914183210852304,1
0.9324101212570265,4.710496854263443,0.49892487252150275,1.0,0.5,1.0,0.9894908593251586,1.4646394046387794,2.268039829850669,1
4.129437585054961,3.494338125466449,0.17231135915218276,1.0,0.5,1.0,0.8903276247391543,10.14495428827654,7.18040626005686,1
4.2173571677788635,1.69170227188854,0.5372345740198934,1.0,0.5,1.0,0.5534908356096028,-0.7483678525444741,8.377273522837976,1
3.3035027131344936,1.7289218950030916,0.3030861228242381,1.0,0.5,1.0,1.0910332881382954,0.5923750290464606,2.1424528035827564,1
2.3458040205854127,3.6593884152116813,0.6222703359628069,1.0,0.5,1.0,0.9362886999411637,90.77310589216258,7.261276141547884,1
2.7040336657330424,4.074503365418914,0.2542995269123721,1.0,0.5,1.0,1.0395655877560561,0.6508631135338188,2.2593384196542785,1
4.503484895273945,1.981039478529677,0.1172086294025065,1.0,0.5,1.0,1.0078940290740448,0.5057750954345983,2.3696936406727773,1
2.907143095109842,2.3643187185191072,0.31799498269828985,1.0,0.5,1.0,1.0874990382423169,0.6588937597120499,2.1418449111898283,1
2.9068226770586514,3.4991779073483444,0.8484608682979983,1.0,0.5,1.0,2.2732925536047275,2.822827811299499,0.9697239301350425,1
0.6600229703347817,2.905751796730503,0.870649687078162,1.0,0.5,1.0,0.7608576091853672,2.3792820080421997,2.7491201812179438,1
2.0608259666644795,4.564300207167442,0.3690901656791803,1.0,0.5,1.0,1.0732339112356826,0.9923275138792296,2.1299554702735066,1
3.819166738660647,2.0500934189571725,0.60850064346077,1.0,0.5,1.0,1.8270368422729473,1.2113802942599912,1.2083059567406778,1
3.5145260539929364,0.7206929551992558,0.24639224783394573,1.0,0.5,1.0,1.0524763533177695,0.5085875623129563,2.247945655942642,1
2.8178237621154647,0.796120756611664,0.7633273472360641,1.0,0.5,1.0,0.9706842168090327,0.9889375573313324,7.811087348944102,1
3.3985005973077733,0.4011334593074989,0.7924413798266644,1.0,0.5,1.0,2.3520397352380242,0.43115422383291335,0.986681657557539,1
4.099814555494085,4.298658322015498,0.10484526438227793,1.0,0.5,1.0,1.0048346271248998,0.5100733680484364,2.3778749423958887,1
0.933726477756309,0.7592223183265889,0.16937353012533657,1.0,0.5,1.0,0.9995898067054919,0.5025335123219501,2.394710576006605,1
3.4138937501068245,4.808070046588743,0.6825407623354445,1.0,0.5,1.0,1.2026633140601675,26.342211079700263,5.343335086809158,1
0.7793962934865033,4.486618191575479,0.37401999174763745,1.0,0.5,1.0,0.985559919274168,0.897280214919686,2.3674960331150445,1
2.5896102681872213,3.5899006813217564,0.571060810962814,1.0,0.5,1.0,1.3861331444218128,1.6858317365801379,1.5696749998087725,1
4.417225027256746,0.9829598456850097,0.2813596552494625,1.0,0.5,1.0,0.6270443235503251,2.320003386908698,8.7863696369071,1
1.1120632075014245,1.2660735395001184,0.5135504317415357,1.0,0.5,1.0,1.0186175578976595,0.6832822898973421,2.3141956709944798,1
1.0069860158731845,4.395270753996624,0.7485377996828465,1.0,0.5,1.0,1.001333955854461,21.76705163171296,6.967889746866152,1
3.9447315551212805,4.783382843686433,0.5488682774032138,1.0,0.5,1.0,1.6765484676170852,2.180669384050676,1.2614847446495772,1
3.6176075203485993,1.4088765825436445,0.8337994227847573,1.0,0.5,1.0,1.6442342450876766,1.7505178636986984,5.114630295577677,1
4.3139898541017505,3.210516425979837,0.2544044588634733,1.0,0.5,1.0,1.0816876027821825,0.6354960557905619,2.1567033877156465,1
3.1156329986638163,1.8105920627496208,0.2606492832185519,1.0,0.5,1.0,1.0514595076523843,0.558736821560798,2.243001894784422,1
2.6527394148629555,3.13396233743898,0.8005713747783979,1.0,0.5,1.0,1.9586507517786818,2.36101874270574,1.1219417011427169,1
2.226517611370661,0.9854501179674896,0.3442706435813442,1.0,0.5,1.0,0.7661071136778081,1.5357477338779566,9.83591870034778,1
3.0784699493108736,3.1412549494997473,0.3674643994167318,1.0,0.5,1.0,1.1461268851781492,0.8523338387505025,1.9926642608483331,1
4.283179951986712,2.1159926482878735,0.547337219832371,1.0,0.5,1.0,0.5923099891707655,-1.328150659461476,8.071819198210727,1
4.113451780891874,4.421389047622827,0.4779287107215716,1.0,0.5,1.0,0.6584396365121118,-2.176502545178546,7.60911462970278,1
0.6427555193076013,3.777228417588251,0.22921045941553686,1.0,0.5,1.0,0.9945196783539713,0.5783044819392001,2.3963452294749032,1
3.116031956210589,4.47346170378728,0.586998249150291,1.0,0.5,1.0,1.564419190827903,2.182337663090432,1.3595607951182493,1
4.385667643339364,2.1216264128521587,0.18862727943725696,1.0,0.5,1.0,1.0321478927499184,0.5289254640397647,2.2978406691954034,1
2.4235998478262886,4.157572538073204,0.3053055640803277,1.0,0.5,1.0,1.056540435493747,0.7627241421893919,2.200273637590554,1
4.810650271406674,0.7369293729968324,0.6577663088741543,1.0,0.5,1.0,2.3783194484301773,0.6269132026154168,0.9450079765667971,1
4.093425845829632,1.1984024642347446,0.6949228969412342,1.0,0.5,1.0,0.8457301262474353,2.520286888266875,6.973100173964333,1
4.621958615753366,1.6511432840240858,0.30922051373474135,1.0,0.5,1.0,0.6208932808262505,-4.568936353397606,8.19931514214965,1
1.8999868284364847,2.5322073927208217,0.8090444228519579,1.0,0.5,1.0,1.2390692761851008,4.04601867866819,6.370442270833665,1
2.0018957065724674,4.785131016548673,0.7201444308168149,1.0,0.5,1.0,1.1464746907557695,21.8154519282123,5.9135214681983195,1
3.0624492478625074,3.4117301786006413,0.8716142320581816,1.0,0.5,1.0,2.4723727920488967,2.8529693670075256,0.8996828262129656,1
1.076535358951067,2.4452515338691083,0.3587126897877163,1.0,0.5,1.0,1.0045308324566133,0.6783079150192963,2.3508947144671932,1
4.68144483640481,2.5646502793740145,0.3715742933381173,1.0,0.5,1.0,1.2921521678151837,0.8462118245710117,1.7407035534318804,1
0.969787082680665,4.405920176063814,0.20090057696909602,1.0,0.5,1.0,1.0014266769216382,18.484848122404813,7.161606890906555,1
2.8621489157914213,4.110911975850385,0.6354056498083881,1.0,0.5,1.0,1.6019584691328406,2.235160566651465,1.3334452232708118,1
4.244848111553345,2.926228090223633,0.6945006758202437,1.0,0.5,1.0,2.338029658097623,1.9054420623337673,0.9345078101287514,1
3.1120873844654744,2.3508404431637935,0.7286902205955924,1.0,0.5,1.0,1.9678723284877042,1.6276664570902526,1.1266104867606406,1
1.9486966405438306,0.8886107358300982,0.19323174503110874,1.0,0.5,1.0,1.008886421557138,0.5060271766612238,2.3669240060546795,1
0.9187133620230576,3.5135791675557466,0.31459830667727484,1.0,0.5,1.0,0.9967235986660754,0.6891421756881569,2.3708567064607813,1
4.602558072410101,0.7649496311312082,0.5041753935808574,1.0,0.5,1.0,0.47323485988858366,0.313786660732867,8.610296346862052,1
4.107089894521261,3.555263588883329,0.11819704165810362,1.0,0.5,1.0,1.0069816061678167,0.5118171342270817,2.3713017449719023,1
3.909713163456116,4.767087002695139,0.2851986510458498,1.0,0.5,1.0,1.1007375683543927,0.8014702333568839,2.090558885624395,1
4.24252483310017,2.8486372193194924,0.28517142780303784,1.0,0.5,1.0,1.1126776364122744,0.6676414155140096,2.0823547054555136,1
4.901901926478459,4.5804115993359025,0.7381960632894394,1.0,0.5,1.0,1.6450212282739438,10.195368557443063,4.003343588000087,1
0.5100098682197725,3.3302077592960506,0.45658460629901876,1.0,0.5,1.0,0.9438097703464713,0.9538754581212271,2.479721137647065,1
1.6959510415423251,4.260826966640478,0.23542932601587305,1.0,0.5,1.0,1.0121143227002782,0.6099453797400359,2.3401999791089607,1
1.0557136207518103,3.011461769055084,0.6066978798951488,1.0,0.5,1.0,1.0149626220600447,1.4286276529563016,2.2157194072010253,1
4.010391488675191,1.4562890796384909,0.6287500743048158,1.0,0.5,1.0,0.6780165941313547,-17.13790321813894,7.825888674380689,1
3.799355449028244,4.824546203117292,0.8944125198179184,1.0,0.5,1.0,2.5702293934131863,6.29961959112506,3.0254094650083,1
3.8971598362963844,1.4487948256499772,0.4525373486996308,1.0,0.5,1.0,0.5341748305796091,-0.5686262794155189,8.780083538975704,1
1.6752247107933602,1.8962899797586368,0.2251805618624032,1.0,0.5,1.0,1.0102117417418388,0.5348038533362036,2.358288834087393,1
3.655513552767389,0.7828127107123073,0.7236378735179728,1.0,0.5,1.0,0.8364660969392294,1.0935816687831752,7.443544294034013,1
2.361103129518862,2.2296921400544334,0.8674153341430751,1.0,0.5,1.0,1.9604919490126014,1.8827395036082204,1.1535871798458055,1
3.6583137759245754,0.23663441109797345,0.7639805275506755,1.0,0.5,1.0,2.37920234770128,0.32559334024815256,0.9724698363575518,1
3.1643062116153855,3.9766929015588524,0.5142058646064518,1.0,0.5,1.0,1.404116586152312,1.622976730409474,1.5444979979646414,1
2.9891905762936175,3.8551892574682753,0.5827781133377627,1.0,0.5,1.0,1.5202142265544767,1.8892494536074635,1.4164766897186731,1
1.119049830469585,3.922505530598273,0.3605922015289179,1.0,0.5,1.0,1.0071283290309274,0.8238782763645923,2.319746630604706,1
1.4268934093430574,2.8192605406934765,0.34110730745275425,1.0,0.5,1.0,1.0218156457302696,0.692244481766703,2.3011380491073528,1
4.150865949274049,3.902027819695442,0.8694877658034176,1.0,0.5,1.0,2.4287160175723588,5.196180222889385,3.2764424865882296,1
0.9178652019472376,3.6002153523654723,0.3593581703603065,1.0,0.5,1.0,0.9951533807900749,0.7816129097708717,2.359856698116685,1
4.501446845534448,0.1918193825164577,0.3928109152730034,1.0,0.5,1.0,1.317758536209729,0.4433859955988128,1.7427162077848808,1
2.3203242041869525,3.5453423186442863,0.23488905078214525,1.0,0.5,1.0,1.0234544577110833,0.5943850015810002,2.311295137635941,1
3.893847648264318,0.437109552248251,0.5341649540232603,1.0,0.5,1.0,0.4540375029890007,0.5842974363503786,9.361320257603447,1
4.405115001666114,2.9881559964031714,0.6239925895647015,1.0,0.5,1.0,0.8555822712137866,-25.669990320447983,6.5593818168293865,1
3.817770056986153,1.537522257196594,0.4326698785004547,1.0,0.5,1.0,0.5518538695437619,-0.890071283481081,8.756889548955526,1
3.099184482807839,1.8356032539487628,0.3504770872351147,1.0,0.5,1.0,1.1273828896662572,0.652396924375417,2.0555961993464225,1
4.919547298772925,0.009419728409210681,0.3220391037567921,1.0,0.5,1.0,1.2004892832404719,0.4467284401468607,1.9336317967864307,1
1.1939812794485947,2.0918064559757763,0.8027056889100412,1.0,0.5,1.0,1.1117150545294767,1.587500835573533,2.0152149568739093,1
3.3374134594111022,4.678807867593484,0.17321666163758404,1.0,0.5,1.0,1.0163304873050554,0.5519604406076424,2.3377360214830993,1
4.933799198696793,4.177226186321156,0.8085481163778673,1.0,0.5,1.0,2.152966259807794,6.50605845998849,3.3935618670190633,1
2.5339401603245704,0.5103016387005832,0.6793495270917131,1.0,0.5,1.0,1.5872936731186686,0.5054504619259026,1.4534651588510825,1
0.9496198300240536,4.9557130158285565,0.21798354410484208,1.0,0.5,1.0,0.9993139476090881,0.5972822954404168,2.378951704880656,1
2.657001522802419,2.272118278808434,0.2113179657168628,1.0,0.5,1.0,1.0215170357066694,0.5402231314870743,2.325419560943093,1
1.1726228033661232,2.197405118959441,0.3635256261074018,1.0,0.5,1.0,1.0105500147369928,0.6617905057780096,2.336993688697472,1
2.9245144945568304,2.87447062457737,0.6851690145064786,1.0,0.5,1.0,1.0275290998943574,9.269505955038616,6.653525558063487,1
3.2752899698716456,2.3185738162551788,0.5474937949252827,1.0,0.5,1.0,0.6570375169282218,-3.5689832470384717,8.486374062248569,1
3.5397271459504362,1.2926442356045649,0.687075282716176,1.0,0.5,1.0,0.8271901798725979,2.9112679109971307,7.502075297873104,1
3.541404936519321,3.2577648011006453,0.31355739882176425,1.0,0.5,1.0,1.1131916768349526,0.7424031145656241,2.072336435859232,1
1.8782093950218894,3.3400253444014663,0.14398668766870415,1.0,0.5,1.0,1.003550822596659,0.5189190791891125,2.380133427775277,1
1.9875177496894425,1.9150276749012956,0.20125383413135847,1.0,0.5,1.0,1.0108320966880395,0.5259544470827554,2.3579346144374473,1
3.3429993425136577,4.92939473690943,0.8386148737765913,1.0,0.5,1.0,1.9420849746970075,7.950781059122766,3.700096751658289,1
0.8034234440383223,2.66838716749884,0.3723846669695269,1.0,0.5,1.0,0.9872531567647784,0.7104610904481684,2.3945211223100196,1
4.915914491337084,3.2319230939217816,0.7424979352810838,1.0,0.5,1.0,1.5398833673993815,6.12966849445921,4.373089101065788,1
0.6317011113849271,2.818716236338844,0.286822203814308,1.0,0.5,1.0,0.9891562040892401,0.6036836525810707,2.4076726428222517,1
2.2540087825420607,2.414464964828454,0.6334227288422999,1.0,0.5,1.0,0.8803618395429094,10.54633221891928,8.078448569554741,1
2.2595149751796324,4.137724879381287,0.38887933045198586,1.0,0.5,1.0,1.1026467422765514,1.025352138386036,2.0617062717453614,1
1.6117528848400684,2.4414558174995804,0.8066615003240969,1.0,0.5,1.0,0.961278346780379,-3.9779472659334782,11.1331249350667,1
4.872463112868911,0.5834860039047274,0.2309857374726434,1.0,0.5,1.0,1.0711555910651924,0.5030870875108302,2.2012484813265587,1
0.8405404605026023,0.7391190029885608,0.8106774514408935,1.0,0.5,1.0,0.9072814448364691,0.6612266096744958,2.6237552039002328,1
3.7188333008749814,3.931223597901827,0.710879795952665,1.0,0.5,1.0,2.184680354101864,2.5472252430250077,0.9847740442810471,1
1.9708040921790984,2.0057273536063085,0.37786119516352135,1.0,0.5,1.0,1.069240038763757,0.6814786726093442,2.1837843891657474,1
2.8479473157757127,0.405680248235854,0.5187066342736854,1.0,0.5,1.0,1.3482421137154579,0.4706225763295261,1.7096700917603498,1
2.4888148426470567,2.871941569700542,0.8370267872461836,1.0,0.5,1.0,1.9637822743343216,2.2958725218187337,1.1299903749535136,1
4.721545532692308,2.0479061365464664,0.1759162415704629,1.0,0.5,1.0,0.84246464790286,3.0722615740148527,7.887511011905712,1
4.876980918513879,0.8170540648982544,0.8291709450810145,1.0,0.5,1.0,1.6185679942587772,0.9298270908800754,4.780821412455572,1
1.0320246579951702,2.2408419112369393,0.3335409424926553,1.0,0.5,1.0,1.0015030576059654,0.6265950287788908,2.367949524144292,1
1.6869948352479809,2.5712940757349307,0.5194880571550714,1.0,0.5,1.0,1.1238484285089472,1.076451376493811,2.0211912064658555,1
4.021421417486652,2.662475545284781,0.8700100419319828,1.0,0.5,1.0,3.1596747821636306,2.252222189625467,0.7194334423356497,1
3.5249035342395083,2.7325708400332402,0.7712312815780161,1.0,0.5,1.0,2.3394514983358925,2.0017259720991034,0.9467828445208635,1
4.775371944415103,0.9895509757756338,0.8431565703097206,1.0,0.5,1.0,1.8485469482431713,1.141106136527615,4.486492177601958,1
4.533591101960275,2.977004210985963,0.5285980049433995,1.0,0.5,1.0,0.6199502185583182,-1.6059639041492493,7.692976802602157,1
2.5910302162163283,3.6430885241428608,0.5764034998359895,1.0,0.5,1.0,1.3988092765652023,1.7362191765474162,1.5523483627491061,1
3.054298684769875,4.492628243169905,0.8160749308907325,1.0,0.5,1.0,1.708938025818682,7.754925584848291,4.187983931897174,1
4.9843058592726655,2.0958034257922122,0.6688331709521546,1.0,0.5,1.0,0.9361277223208408,8.451261088382221,6.009085480035271,1
0.8893472974725789,4.9650246504549,0.5046267151737591,1.0,0.5,1.0,0.982489334995624,1.5367329936652816,2.274898171435743,1
2.1057758557853687,3.4799817487649505,0.44179060624613964,1.0,0.5,1.0,1.1297859415912708,1.0932914565947565,2.001076741261372,1
3.0366164785731526,2.606049632259518,0.6922472669319176,1.0,0.5,1.0,1.026834463180836,7.345946021678861,6.664836164998882,1
2.5140535546187883,0.2577280780554325,0.8364744099172272,1.0,0.5,1.0,1.978796022829149,0.3171489519359198,1.1931034520746726,1
4.420842295105297,1.9578563074594872,0.6298409898535622,1.0,0.5,1.0,0.7583570736494046,-30.02170106915544,7.078207933930834,1
3.5429621424435855,3.250378593378432,0.692735997184825,1.0,0.5,1.0,2.042408482977976,2.0723373826219627,1.0638103663008156,1
1.0642370114322706,1.377636411463643,0.5952120940859497,1.0,0.5,1.0,1.0160714397977086,0.8007598152803879,2.3044500434087634,1
4.267649952581413,3.516063248064471,0.24343758628611623,1.0,0.5,1.0,1.0680065001003476,0.6256521010413072,2.190854342596793,1
1.5814428929757063,3.302158374584258,0.7673048809264541,1.0,0.5,1.0,1.1161799551222842,7.369043318106528,6.656988081132699,1
3.017524721613109,2.192513547082488,0.23244144778859754,1.0,0.5,1.0,1.0349896168189552,0.5530604000181176,2.286713159393964,1
0.9552731585279621,1.5420424187455488,0.6698838536947055,1.0,0.5,1.0,0.9843816515732249,0.9700874670777146,2.360930032601275,1
1.261197978557543,2.1516010802387733,0.8708478210470558,1.0,0.5,1.0,1.1193155264998296,2.947933594201072,7.2875561898408305,1
4.179920636762951,4.476860458943931,0.5707583898578262,1.0,0.5,1.0,1.8042725713066659,2.1790903053259467,1.174918610762159,1
3.9820048885788863,2.52455792786853,0.4174776732640141,1.0,0.5,1.0,1.3173851239817733,0.9236848533870196,1.7007625490996854,1
3.9534805387386194,2.7831602997496656,0.3608503987147983,1.0,0.5,1.0,1.2042604559191439,0.82011810525416,1.886446362653512,1
3.335522827083128,4.813818847471248,0.1599609531192872,1.0,0.5,1.0,1.0127181738978415,0.5413012348525041,2.349750754526665,1
2.217041203836753,3.0198082568223015,0.8298458959438665,1.0,0.5,1.0,1.771362414633656,2.377893480777216,1.2428830624387903,1
2.299701553211759,0.9687983337419753,0.2385663077763902,1.0,0.5,1.0,1.0238469871439022,0.5147286063902647,2.323412451255769,1
2.605194387990901,1.717087495879856,0.14044537119745684,1.0,0.5,1.0,1.0056788508545587,0.5072011129424382,2.3759396819533203,1
1.6271570977738643,4.804912748438614,0.43118407660422,1.0,0.5,1.0,1.0659925752633002,1.2480864904032645,2.1142339255127083,1
2.389174621854824,1.1277422805695636,0.4101029919042597,1.0,0.5,1.0,0.689840928916677,3.11236180550428,9.771636481003169,1
3.0114563929430243,0.9275936544814356,0.5711956182375489,1.0,0.5,1.0,0.5545531336542339,-2.674370363519702,9.698129901810072,1
4.289624798456502,2.220047685573433,0.25968936875856286,1.0,0.5,1.0,1.0839782617758453,0.5883748503629509,2.1581960605907677,1
2.0510298914598315,4.797701578569641,0.5790070499360664,1.0,0.5,1.0,1.2637792713014548,2.1526488509248596,1.6889439209337134,1
4.248052701658069,4.399706643651731,0.5480361008224178,1.0,0.5,1.0,1.7383355387618717,2.0312806653065976,1.2225553827356408,1
3.517838183728061,2.0276458793216543,0.3787769625300954,1.0,0.5,1.0,1.1998881853100565,0.7348336301639984,1.9054480895114039,1
2.6468803930977676,1.957076484060336,0.5473974396267061,1.0,0.5,1.0,1.3557296685675342,1.006247707836191,1.6572419628953465,1
4.942638030837439,4.000521913550593,0.8177424935397124,1.0,0.5,1.0,2.228652945478464,5.9780528683155305,3.3439184356672116,1
1.6770242395516268,1.6163708163391899,0.8713483392226572,1.0,0.5,1.0,1.480747927526649,1.3913738571136527,1.5444701858155627,1
2.2336128554431136,2.7978989700441748,0.13111986543734702,1.0,0.5,1.0,1.003742555092313,0.5115367455427796,2.380850657835358,1
4.5217520567650595,3.9061858257937048,0.7296814623202476,1.0,0.5,1.0,1.4825084094447678,8.741650633948984,4.474737444923737,1
1.0571710990730796,0.7187273955261619,0.4304019523734741,1.0,0.5,1.0,1.005640948099178,0.5318963654681722,2.3726710085268357,1
4.455817486667302,0.35807398090908327,0.1538389881967116,1.0,0.5,1.0,1.0166809636260552,0.4987754150574578,2.3456835649727705,1
3.8826096051259613,3.92380515834048,0.5092406270908171,1.0,0.5,1.0,1.5402053154133124,1.648367645334296,1.3999485422131288,1
2.677406258994258,0.8503429122332501,0.2477397537811517,1.0,0.5,1.0,1.0353733407308652,0.5130243138048483,2.2923645341949186,1
1.1644409215667113,1.283049041623649,0.7889560122572515,1.0,0.5,1.0,1.0894168021632378,1.0105010771189138,2.1222644270854274,1
3.1375728650066987,3.065098606341757,0.8896209955795858,1.0,0.5,1.0,2.598415028999377,2.633989441667841,0.8661388350364869,1
1.9619428433753758,2.467151970511595,0.7535402174766251,1.0,0.5,1.0,1.4759970758109762,1.7338303088227527,1.5022943894378789,1
3.3366144899181265,1.419242839456873,0.2520588285628308,1.0,0.5,1.0,1.0527916878022163,0.5386183085652705,2.2425768185660506,1
2.126947892574803,1.6016597876102612,0.19691402209237543,1.0,0.5,1.0,0.9307550586835062,1.9522724319657023,8.696710883471063,1
1.9400571270563098,1.2296836309178982,0.7646561845672484,1.0,0.5,1.0,1.4800685087134697,0.9661538101468786,1.5496954173291515,1
1.2363960457711738,2.5532962552612197,0.7118364171851095,1.0,0.5,1.0,0.9202689059026516,-3.575386704845675,12.916144206624596,1
1.8516283539210072,0.9349809809797277,0.5945360244340107,1.0,0.5,1.0,1.2220131747915188,0.665610623051938,1.894897105070021,1
2.328640183149688,2.451951986946676,0.17334549726145454,1.0,0.5,1.0,1.0090263962149555,0.522367799726258,2.3636462265602693,1
4.972552681140743,1.0850172713122612,0.7145287080464805,1.0,0.5,1.0,0.9500445132679888,1.8621641361690622,6.021839082383067,1
4.938520507594705,1.560479621069698,0.8975957241487542,1.0,0.5,1.0,4.030268958031901,1.3996775325672333,0.5794385437305498,1
2.0470315679377427,2.3901454117356584,0.48244088789614537,1.0,0.5,1.0,1.156187182532981,0.9597494520312027,1.9691975670043451,1
2.0379499978947515,1.363500647004527,0.23732969049131408,1.0,0.5,1.0,1.0180998922310458,0.5253744154935227,2.3376144948268633,1
4.1523824554304,1.354997328784084,0.41810122785505943,1.0,0.5,1.0,0.530123032190148,-0.46847492434604393,8.636379219770593,1
2.254125193902132,3.265517149351558,0.2254920028872059,1.0,0.5,1.0,1.0194403022089935,0.5740167269201825,2.325661850302799,1
4.262908995579547,0.7153205805669549,0.61901309382139,1.0,0.5,1.0,2.016161470449794,0.6036314941442436,1.1162544298324795,1
4.440645104851109,1.4248491998083124,0.32472159672512446,1.0,0.5,1.0,0.5978158362773202,-3.4493464677967376,8.399813258641041,1
4.120316914433473,3.364279852086851,0.22727611945095455,1.0,0.5,1.0,1.0515706633948176,0.5921499114807308,2.2369016822089214,1
1.3257456270172971,4.638988823312405,0.788352110495665,1.0,0.5,1.0,1.0948083187294653,15.550804107614045,6.152227386457249,1
2.9104680906539526,3.9356487239740847,0.41854045384589667,1.0,0.5,1.0,1.2001933168880656,1.1645813405739776,1.8609007341751602,1
0.5476523921501089,1.4267468890689372,0.2813431048593101,1.0,0.5,1.0,0.9872641914115833,0.5389365821313848,2.424807790257255,1
4.08816862483515,0.7767098431262187,0.4217007449556077,1.0,0.5,1.0,1.342453239324404,0.5595771698695877,1.698858327133705,1
4.9023015297202175,1.3891161897328725,0.6112938838233062,1.0,0.5,1.0,0.6386804710987244,-2.6859959842761802,7.381103354598681,1
3.581955627417576,4.5829671017556715,0.8699718432439844,1.0,0.5,1.0,2.255285663511248,6.385779928938325,3.3701785660429673,1
4.703643945364386,2.903201644422919,0.8745596156436699,1.0,0.5,1.0,2.6207771619725477,3.6137121570652475,3.2460161743896716,1
0.80315543669727,0.14718813469558778,0.6827093294596482,1.0,0.5,1.0,0.9285887614703165,0.34027668259968913,2.629358705867726,1
3.2557547915671377,1.9656989934743974,0.6426584193212881,1.0,0.5,1.0,0.8034734214561013,12.225527191022673,7.736669258102382,1
4.251093284565097,4.963786330808631,0.6414725218945565,1.0,0.5,1.0,1.0934755583186955,-183.71384697784748,5.458636527757032,1
3.7110195691201517,3.265096766013599,0.4629061832201805,1.0,0.5,1.0,1.3875350180063186,1.2377747528547363,1.586641843644099,1
2.568052815121756,1.0947568908561522,0.6069487698152815,1.0,0.5,1.0,1.4460140395627201,0.7537726612977782,1.574267624707054,1
2.09240877847,0.08756093686135391,0.8447030849436764,1.0,0.5,1.0,1.7184887802257423,0.1864488823769985,1.3872180501705504,1
3.123334976347116,3.1441820384561145,0.6987525896204672,1.0,0.5,1.0,1.1073420150203999,9.262133348421614,6.14415855212299,1
1.7202885193736281,1.9334615691992,0.8938266373610535,1.0,0.5,1.0,1.5467571835315008,1.6975082752419104,1.4678529391755977,1
1.625238497954553,1.891199631778067,0.8310948365918853,1.0,0.5,1.0,1.3940903984671784,1.5237685478930765,1.6206970624311843,1
1.6651725737712755,0.7118240132600051,0.2386429960028127,1.0,0.5,1.0,1.0119108579848834,0.5062045551662815,2.358376087523563,1
1.3219739948001534,1.116571448162527,0.11033892742930923,1.0,0.5,1.0,1.000535812563403,0.5016486194889488,2.392057048790636,1
0.6738883480663178,3.378675057245925,0.6820597272647401,1.0,0.5,1.0,0.9925067036765391,11.140728371494104,7.970914577432867,1
3.765552663569074,2.4840302331679154,0.4846011502715053,1.0,0.5,1.0,1.4438585012658396,1.0806165501676646,1.5344900733432596,1
4.197392075327439,3.247557148661505,0.7118628966076934,1.0,0.5,1.0,2.3973270366627366,2.149999646507344,0.9087037850846229,1
4.5351194087318145,2.8275131134713116,0.8688540467362679,1.0,0.5,1.0,2.470829429837982,3.565619927360505,3.4069656232677126,1
3.0094999404287255,4.234205744417508,0.6077728812517049,1.0,0.5,1.0,1.5831430811047897,2.171451789340445,1.3476545486059188,1
4.805237559107489,3.099402304351679,0.25892963753312814,1.0,0.5,1.0,1.0995179450390387,0.6429317792734532,2.1142424405623057,1
3.282741318124489,1.205233571991315,0.7727501093457433,1.0,0.5,1.0,1.1654352972435174,1.6574250114595723,6.487307088514196,1
4.989459469307597,4.110162383204369,0.49225301697879165,1.0,0.5,1.0,1.7031359846672416,1.7087844435877468,1.2554355544940163,1
2.4698049329862144,4.309726035577863,0.19835814436541535,1.0,0.5,1.0,1.0156482114916707,0.5704800373295266,2.3366776062803476,1
3.6239347082935796,1.0828638590447919,0.19533221256960617,1.0,0.5,1.0,1.027121719367934,0.510902118377499,2.3146378715353593,1
4.5002315776518165,0.6334238677434917,0.35143178832912814,1.0,0.5,1.0,1.2313994090963776,0.5182458198824322,1.871539461618151,1
2.5847063438470714,1.2317648537149883,0.7651203976149835,1.0,0.5,1.0,1.0702453450546892,1.7458570054153741,7.394425990566956,1
4.95305503132357,0.18692253424077931,0.8174352650356423,1.0,0.5,1.0,3.4275381501263134,0.26836702848088806,0.6788245008504077,1
2.414063773747045,3.1951362005114414,0.474272590271259,1.0,0.5,1.0,1.2033901779223872,1.160468141569012,1.8612000254368546,1
2.4265323582031577,2.1975101395090806,0.7097473141296827,1.0,0.5,1.0,1.0255887404520219,4.717568275934535,7.222367092668303,1
1.485721819078515,4.811289709799262,0.7407879235354609,1.0,0.5,1.0,1.0911166787576614,23.3748719800583,6.229876207867033,1
1.1957233469585238,0.08298207824565196,0.3653226037422045,1.0,0.5,1.0,1.0121573043925374,0.46042223396334114,2.366053556284595,1
1.4999624477291325,0.5881009643385643,0.6961527821212465,1.0,0.5,1.0,1.198422620205723,0.5457320293466708,1.9607617295622826,1
0.8955796927364894,1.635348789972138,0.32993784893638334,1.0,0.5,1.0,0.9952955271267705,0.577738023806837,2.3941490494057796,1
4.000333730226207,4.650771324228755,0.5004069382023972,1.0,0.5,1.0,0.6914240556590348,-2.7991239442458142,7.4742838243439875,1
2.2576945790838794,1.6238453826712052,0.5151330844534812,1.0,0.5,1.0,1.228203483782632,0.8279681786093582,1.8588868236003988,1
1.8882048670221725,3.558129016927152,0.13785112607386252,1.0,0.5,1.0,1.0031165112182365,0.5176611914300344,2.381622915162742,1
4.4613098183356215,4.095996691271914,0.30400516656364235,1.0,0.5,1.0,1.145865174505172,0.822627579804687,1.9930351417365535,1
0.5508744934834104,3.6631482159375075,0.26126475707990704,1.0,0.5,1.0,0.989724915025321,0.6107544977467421,2.4047839410903684,1
2.473925443372525,1.6828550589673235,0.5339031993311951,1.0,0.5,1.0,1.2951140450909375,0.8812745747350631,1.7507138423315514,1
4.552344118366593,1.8372336248570786,0.6995541690775813,1.0,0.5,1.0,1.0265928405236076,4.150361974774022,5.950170191078312,1
3.0978368490032944,0.552325089474785,0.66406626518889,1.0,0.5,1.0,1.7616048182455133,0.5271346394423161,1.2980876082698853,1
4.138885892456136,2.278276588687351,0.4239883204405901,1.0,0.5,1.0,1.3513531933846574,0.8921110065772887,1.6570828943399118,1
3.933514149632078,3.471107506939389,0.29998475402813396,1.0,0.5,1.0,1.1163425514166616,0.7393486810307627,2.065287529371009,1
4.466494657857684,4.501069308003753,0.7254379336609972,1.0,0.5,1.0,1.4920995802668389,11.385478330591734,4.378443677887586,1
1.6724079276118098,4.745068431921168,0.6918344892643624,1.0,0.5,1.0,1.0595202259248868,38.60163634982784,6.488147533808384,1
0.6340711241397559,4.237499191299871,0.5052992944211627,1.0,0.5,1.0,1.0432229647570925,24.37354478930166,7.433768195686517,1
0.5411165575042421,0.8142571000725007,0.2877423472197889,1.0,0.5,1.0,0.9862035068248153,0.5139799464636746,2.432429609806484,1
3.482664990911019,0.5995777585961459,0.2816177740339665,1.0,0.5,1.0,1.0796067651079782,0.5060529043230835,2.181379210482725,1
0.953675229724361,2.5841239690489544,0.2476116519991881,1.0,0.5,1.0,0.9990808955184408,0.5650376448177549,2.3852835025028987,1
1.5594405637030335,4.44986982457702,0.7494029790027664,1.0,0.5,1.0,1.1116823139153562,15.868249621669161,6.222596518246579,1
1.6200075042686917,4.6668802347055935,0.380118256441349,1.0,0.5,1.0,1.0451960310771675,1.0089497082879995,2.1939544369378927,1
1.1792034485062333,3.379429040600643,0.5872539626804597,1.0,0.5,1.0,1.0442410737371437,1.5071508632462345,2.1375800447469304,1
2.8575621845756416,4.847518628859694,0.3628426417323469,1.0,0.5,1.0,1.1269518683474031,1.0634064470586821,2.004694201537245,1
3.2193123288563985,1.0754536923113993,0.6661851939439095,1.0,0.5,1.0,0.7224355830554517,2.6958025079632737,8.397311529426377,1
3.54588216369177,1.7747990760880439,0.10123420486198205,1.0,0.5,1.0,1.003572448741557,0.5029892088062926,2.382830036281676,1
2.0368351837144463,0.8915048253770663,0.5985107165596841,1.0,0.5,1.0,0.697078569143528,1.6580748029243328,10.360393820094169,1
1.6260878339693279,0.8401173714451737,0.4465147338212331,1.0,0.5,1.0,0.8041336041133306,1.1775815064665536,10.541067023544203,1
2.993734519045944,0.32046003290083,0.8524574633008649,1.0,0.5,1.0,2.3428770342719734,0.36042789141377907,1.0057374395912535,1
1.4207845133067778,1.9170141200378754,0.3399328952840655,1.0,0.5,1.0,1.0213871771390473,0.615682993002543,2.3146721286168805,1
4.816030465980937,4.320192769202093,0.233553971736567,1.0,0.5,1.0,1.0711162503325475,0.6470504866884587,2.179811194374195,1
4.480830349918007,2.949625125149529,0.3612004674600938,1.0,0.5,1.0,1.2464140915508943,0.8652337144539111,1.8095376154778073,1
4.81681073945657,3.7260151455044688,0.2632100346143862,1.0,0.5,1.0,1.10431902630345,0.6871529798481073,2.0973509277104965,1
4.934911028502405,3.222691363010122,0.6288007236272473,1.0,0.5,1.0,0.9191421373057176,-53.1233935897849,6.020307974518164,1
2.6180080098767524,1.9734946235398543,0.10573922724603912,1.0,0.5,1.0,1.0024831592759444,0.5037255670312997,2.385918210582214,1
3.922143129804388,3.021369100449347,0.6772866233132894,1.0,0.5,1.0,2.1316774708740414,1.897627534019761,1.021683369819987,1
2.250676716562864,3.8335428433102994,0.21794478295782477,1.0,0.5,1.0,1.0177185670641762,0.5816047816963213,2.3291388510878,1
4.996798609455492,3.888961121335755,0.39722310625398405,1.0,0.5,1.0,0.6014720933095224,-1.174721314818593,7.4974051443149845,1
3.402393422185967,0.7406676547230834,0.5821136709598042,1.0,0.5,1.0,0.5191030952955271,-0.5145013564579504,9.460343449583215,1
4.636837017481838,3.779113721361047,0.7059624841601977,1.0,0.5,1.0,2.576314810499683,2.469358642412575,0.8390026484228604,1
3.9484974399506303,0.7796200935180791,0.325541255818914,1.0,0.5,1.0,0.5779469151348882,2.1569997171299495,9.159230238108526,1
3.7389816054766563,0.5912841900821786,0.35049225128671135,1.0,0.5,1.0,0.5430419527635887,1.070735056506478,9.47548106765821,1
0.6768654774040329,0.9651610999251686,0.6458963951264032,1.0,0.5,1.0,0.9000576746858148,0.6818463356109025,2.659816848038088,1
4.230124822546143,4.933447938609347,0.8066417240278132,1.0,0.5,1.0,2.026317856602834,8.339023465265765,3.5068372632389666,1
3.9064281867735433,4.279655348624607,0.7962729755356038,1.0,0.5,1.0,1.822295720001525,7.319766709823969,3.932418166531851,1
3.380126720291747,2.5500589231408632,0.6509517079319669,1.0,0.5,1.0,0.8926122607084681,16.164736141079608,7.068678709693668,1
3.7781681235145554,0.3519844547860612,0.7735541981097322,1.0,0.5,1.0,0.8714778720918557,0.26518819985341296,7.250690347675981,1
2.6781084795754158,2.7557787344808493,0.4413907492766719,1.0,0.5,1.0,1.1977270033162655,0.9709680030585086,1.8881125936829108,1
1.116771995412985,4.336326595751669,0.6139760008222914,1.0,0.5,1.0,1.032667639649483,1.9950165010859904,2.100876560774504,1
1.6097409818009334,1.7846536454842692,0.48570425787842053,1.0,0.5,1.0,1.090122534680121,0.7947952885755865,2.125328381540949,1
1.385849817436251,2.973634735077484,0.4682506958330196,1.0,0.5,1.0,1.051207497060893,1.0082653448368117,2.1835478247611375,1
3.989897048764708,3.9723950601711167,0.6824559326335413,1.0,0.5,1.0,2.188349485329386,2.462312226671677,0.9802592591117245,1
2.683684700488052,2.7662770537318337,0.33729849644681204,1.0,0.5,1.0,1.089401354322948,0.7203515502118256,2.1294789541319967,1
1.9529068891000834,0.4863859331766718,0.8189023828310003,1.0,0.5,1.0,1.0235167580369646,0.4815298412550605,9.207314103788839,1
2.097562580962064,2.005460824243585,0.4754580046774828,1.0,0.5,1.0,1.1574212495211775,0.8539047752066118,1.9787035191138518,1
4.70770055897523,3.4030023331005537,0.757551624059536,1.0,0.5,1.0,1.6244727387329143,6.169078748633008,4.249828168747711,1
1.3106187217502587,0.9416961121149203,0.19768098664643496,1.0,0.5,1.0,1.0031697596578328,0.5072250568117169,2.3833536671155846,1
4.951255754100099,3.2203419062637266,0.46482849811070903,1.0,0.5,1.0,1.5862747392712586,1.2948797444597662,1.37154327469888,1
2.840686248338978,3.408748395321577,0.7569522682962039,1.0,0.5,1.0,1.9314798076226292,2.386304016449331,1.1265061088987578,1
3.365951141971868,3.8322634374927182,0.1189837403076334,1.0,0.5,1.0,1.0052718251061734,0.5125733452304576,2.3761683891894103,1
1.253190435581648,4.862125897270627,0.7922263116512329,1.0,0.5,1.0,1.0771615858377337,18.58034183241413,6.138334822447213,1
2.4373231887557085,1.9879367234458611,0.22012510565688004,1.0,0.5,1.0,1.0203592709565918,0.5364060606829519,2.329331061013001,1
1.0130940311705898,2.200623341897569,0.1906997343573032,1.0,0.5,1.0,1.000120040440506,0.5247744373661375,2.3892312992256968,1
4.104534330969532,2.9988315848048037,0.3937728688519858,1.0,0.5,1.0,1.2814976524996617,0.9581279737977789,1.747966887169566,1
4.46913613361573,1.031117118556541,0.19993776832897422,1.0,0.5,1.0,1.0386890835951323,0.5112384314299292,2.2831484914582436,1
1.3774100432787328,4.465038745071614,0.21632309015353526,1.0,0.5,1.0,1.0049691282656563,0.5857094425359393,2.3645631952038544,1
0.8462689746109276,3.253859554803003,0.639170825183716,1.0,0.5,1.0,1.0068229091365772,10.593413026204653,7.944059084289053,1
1.6842393932957784,2.175098052000097,0.43416872772366255,1.0,0.5,1.0,1.0726897166664975,0.787016340191608,2.16298909680393,1
4.166580937661927,3.2729665528324925,0.8397261022747895,1.0,0.5,1.0,2.1350940863704357,4.517415326850991,3.6908066249762075,1
4.910620651029564,0.8285349242692391,0.3960217368711004,1.0,0.5,1.0,0.4890419997462924,0.2182484725773377,8.387231716830138,1
3.2625724016824864,4.64012483363862,0.24203879548464907,1.0,0.5,1.0,1.045585869989809,0.6572914492881606,2.242462173821371,1
1.361845819770582,0.009060734506480261,0.6584549577209656,1.0,0.5,1.0,1.1213276322860073,0.280408119868161,2.1368407234476563,1
3.9995128919612695,0.0768334480278593,0.11301926299933909,1.0,0.5,1.0,1.0056157421781273,0.4986584647358234,2.377587814785205,1
3.8777116246872985,2.6737391131511483,0.31112693216864107,1.0,0.5,1.0,1.1297089755449838,0.697423180419261,2.0428907777367495,1
3.093894770129089,1.7371039745972632,0.700687989331572,1.0,0.5,1.0,0.9496385136568531,3.736478811208362,7.2222050323735445,1
4.5160036010755125,0.00679941413003482,0.6905810398538509,1.0,0.5,1.0,2.4318812515072286,0.21687542150603434,0.9397869107770899,1
3.942235793868814,1.356260885661953,0.6566100726477265,1.0,0.5,1.0,0.7456975640962212,5.9811003594973045,7.533769223327193,1
2.217230129967032,1.478732815654824,0.5621773554809156,1.0,0.5,1.0,1.2801733183323714,0.8469561738992835,1.7800454541519521,1
3.9157355203529445,4.544854140987528,0.8158924240067297,1.0,0.5,1.0,1.9568418244552848,7.43987463901479,3.6937219751154906,1
1.0945709969075317,3.5161536778118654,0.5525953663625821,1.0,0.5,1.0,0.9884921167344228,17.494007028563825,7.845539175497732,1
3.9356887137790624,4.127826755891777,0.18706507408866546,1.0,0.5,1.0,1.0262103431204928,0.559940221183654,2.3089541685187775,1
3.6420017779477063,1.0820700705027138,0.4167300489327652,1.0,0.5,1.0,0.5407799213916816,-0.9550947413318152,9.106242525738981,1
0.8019955723495613,4.731808549360584,0.5709611763503264,1.0,0.5,1.0,0.9556838469274399,1.8200567265842338,2.301651414197603,1
3.4562515674159373,2.1332572124166704,0.36786775012275996,1.0,0.5,1.0,1.1748284363059922,0.7251705451565263,1.952133320973267,1
1.536507064496635,1.2221945586382237,0.4199700429214115,1.0,0.5,1.0,1.0512036632331216,0.6088446490150028,2.240050422467566,1
4.236241879303862,0.673273317589072,0.8410327481181408,1.0,0.5,1.0,1.5605503672987389,0.7271034123492062,5.26486189814417,1
0.6055564243787315,4.942055341599517,0.7509079368000878,1.0,0.5,1.0,0.9166521794724474,186.64360670450225,7.318181542701351,1
4.13756044805468,3.921238784201991,0.6881337922757302,1.0,0.5,1.0,2.263597299802731,2.4532744593180857,0.9490992847004037,1
4.638704257537475,0.725316252818532,0.6835637200324813,1.0,0.5,1.0,2.449349132796159,0.6279080769560901,0.9212639539281159,1
0.736085921925951,1.7899959525755194,0.6824187072454381,1.0,0.5,1.0,0.9038598074189685,1.0903735655432631,2.567135916869218,1
3.080068918159655,2.5238622025997017,0.14373624226762713,1.0,0.5,1.0,1.0079820920396652,0.5132382244699818,2.368180712288739,1
3.7660180877513456,1.026881915197953,0.5079941438728816,1.0,0.5,1.0,0.5047196645542333,-0.17166303676813113,9.116541760325898,1
4.892469634285943,2.412316044285658,0.6421582794330545,1.0,0.5,1.0,0.8775043306069702,39.410060848081756,6.256234438337172,1
2.1945729427766483,3.195234032204932,0.18755386739320992,1.0,0.5,1.0,1.0107438789889893,0.5410700157307547,2.3555486999821436,1
0.9652861111762352,0.7220525394896438,0.6647590795864525,1.0,0.5,1.0,0.988250351192173,0.596986779774078,2.4098853984807005,1
1.3930332190631516,0.9761122010271417,0.6101034737127282,1.0,0.5,1.0,1.1081599819766534,0.6825381035149232,2.1096182731798416,1
1.9871524169997328,3.094153165311031,0.22869294499530649,1.0,0.5,1.0,1.0158450365149714,0.5706451940220972,2.3362879772037646,1
1.0404155451001258,2.5540880972388527,0.2960600411222847,1.0,0.5,1.0,1.0013432697499274,0.6071361963997391,2.3715779535817796,1
1.259445930864922,0.21199424609476047,0.8571437217118387,1.0,0.5,1.0,1.176268110272661,0.2787427359646412,2.049153781724777,1
3.077013111989487,3.380634461065984,0.8268377178830509,1.0,0.5,1.0,2.3087585700883735,2.6527380318580684,0.955107611432638,1
4.81650341608797,3.3682433115294086,0.8887336190197018,1.0,0.5,1.0,2.886864301628758,4.142254952955017,2.95839639007208,1
2.766544542284452,2.0290776262583154,0.23463657882880168,1.0,0.5,1.0,1.0317082513696672,0.5488222732890398,2.296276981681191,1
2.3449921406991088,2.9869671931894364,0.37182620903132835,1.0,0.5,1.0,1.0959778811671925,0.814543390619577,2.1033762820629422,1
4.750352350496701,0.5396396627321087,0.8337549780477317,1.0,0.5,1.0,1.5052022177226234,0.552503674267068,5.097253086204296,1
3.0567920747513053,1.7758000087797265,0.28294274992188495,1.0,0.5,1.0,1.0651237328279215,0.5748494912278058,2.206590392431558,1
1.0315770860485962,0.5637615214930247,0.1315648838138274,1.0,0.5,1.0,1.000093914533465,0.5003019368708729,2.393609817940752,1
1.6528038458087417,4.352967125325789,0.19380785027733857,1.0,0.5,1.0,1.0061226742921716,0.5599820567041857,2.365597244375637,1
0.6217275783266818,2.502047364850802,0.36741274979681016,1.0,0.5,1.0,0.9770369163046404,0.6781361361834226,2.4301568079604663,1
2.149772610654557,0.19745425757241974,0.45213528839986716,1.0,0.5,1.0,1.141569688241368,0.4388822311034856,2.059497984048527,1
2.2383288061484725,4.942811328926888,0.867987038461901,1.0,0.5,1.0,1.6227499924150042,8.09988077673928,4.270527038200823,1
2.317929568745448,4.617659809395116,0.5659248562513666,1.0,0.5,1.0,1.313410792676907,2.0406002892140633,1.6306979418442336,1
1.2578086951397882,4.87797547264633,0.41647414424454443,1.0,0.5,1.0,0.9687336685632828,-48.57430140598258,7.365124419966822,1
2.7180005893117056,3.5231443328297503,0.28453103234670407,1.0,0.5,1.0,1.0560416707341325,0.6808575335763776,2.213269861127972,1
2.674187104956903,1.2038062802541005,0.2984992583723388,1.0,0.5,1.0,1.0619352740516166,0.5467203713181883,2.219195261422115,1
2.0910425138365243,4.569425998129442,0.6224598531481853,1.0,0.5,1.0,1.3323212342875264,2.3186172164334042,1.5953044807547816,1
2.261793630379917,1.6999704442366603,0.42987252614846827,1.0,0.5,1.0,1.1351989988733866,0.7188325717295468,2.0356304770442724,1
1.1593233202920397,4.387307492090629,0.3968275380520929,1.0,0.5,1.0,1.0127872863353837,0.9926741814133329,2.278365947972092,1
2.6924400816643406,0.5045137224612017,0.8269446399161956,1.0,0.5,1.0,1.140817530368671,0.5060660043303786,7.625857842119938,1
2.8127026575654606,4.97728767326145,0.18712145465589877,1.0,0.5,1.0,1.0157610964726818,0.5684977596669061,2.3366177909224,1
1.6833642590567415,3.0751288461178232,0.424311925270317,1.0,0.5,1.0,1.0681684205058675,0.9200010271743791,2.1542706585413525,1
4.117663570432678,2.9693475592318808,0.7934496383570758,1.0,0.5,1.0,2.783193475578974,2.247216314925229,0.7979188962836458,1
4.084273720668465,0.11790569972776166,0.8517764115855224,1.0,0.5,1.0,3.0827041387294565,0.20129154010427203,0.7637523372017936,1
1.161920484758791,1.7379683197711575,0.5314914350455185,1.0,0.5,1.0,1.029671858922448,0.827293764279391,2.264472227574332,1
4.4782336994039404,1.507720109745045,0.12380411225049306,1.0,0.5,1.0,1.0092662019232916,0.5046728991497865,2.3659063648685192,1
0.9977232584162146,3.9805941173180495,0.2612287615519514,1.0,0.5,1.0,0.9999468178313394,0.6293769969186072,2.3716673443328866,1
3.5137459194690726,3.4191142216296457,0.865512770570277,1.0,0.5,1.0,2.7626236648867653,2.8356038261220267,0.8079634214983973,1
4.998779700539054,1.1840292696157522,0.7755573888699705,1.0,0.5,1.0,1.338065391557244,1.6088711352280336,5.068460654027859,1
2.274261101845494,1.1014292451422087,0.37165026128111744,1.0,0.5,1.0,1.0895537312023647,0.5729633790654518,2.1513800618888537,1
1.4211997488670594,4.994165032479893,0.11027127458557251,1.0,0.5,1.0,1.0007042087986964,0.5121831016078604,2.3896935893788527,1
4.337999391226617,3.5262110581351074,0.550967319782612,1.0,0.5,1.0,1.7705177192245727,1.7002733022876646,1.2156868412996171,1
1.5045415315126085,1.6021122188664527,0.8592549924507032,1.0,0.5,1.0,1.3441343278661728,1.3544924566149483,1.698327905036944,1
4.188966166361189,0.6133926374400711,0.45198325063193334,1.0,0.5,1.0,1.4308955847821976,0.5290866555933059,1.5880729183033142,1
4.76594588971154,0.1638568363973525,0.5248424633256368,1.0,0.5,1.0,0.43978221428566444,0.7446558843047995,8.710119679200757,1
3.77833603356902,1.3237952012712557,0.42803008601098813,1.0,0.5,1.0,0.5439761612842311,-0.8186441512312965,8.883861124088703,1
4.6874697430574646,3.0706134852522116,0.7800730184357011,1.0,0.5,1.0,0.7762518656011462,-0.09380953076740067,7.660873410288344,1
3.6381073488652715,1.1367929900410227,0.2228581882466686,1.0,0.5,1.0,1.0406024904826447,0.5181637775958942,2.27720496026274,1
3.255920681401204,1.6078580122182518,0.15569721843549278,1.0,0.5,1.0,1.0114153960411596,0.5096775272581535,2.3588993417193898,1
0.7561325823651041,4.044955388120316,0.6789146097432235,1.0,0.5,1.0,0.9896993505815737,22.124121441363712,7.582078547877162,1
4.326409927227761,0.0668018154405331,0.579768666174835,1.0,0.5,1.0,1.8736144612769048,0.3144752639127577,1.2117284009655989,1
1.1733718128607384,4.426164955090418,0.5979593711481729,1.0,0.5,1.0,1.0450979021376567,1.948386697495405,2.0794741608489673,1
0.6739952331546534,4.343567689473008,0.29904933534747413,1.0,0.5,1.0,0.9889128709727991,0.7010839811873799,2.391323300214364,1
4.775693888318472,1.659088239869626,0.7236902840830156,1.0,0.5,1.0,1.1273213504513397,3.0199978262178755,5.5671312036032505,1
2.779433564030941,2.37402190187461,0.34145889147973885,1.0,0.5,1.0,1.100549974200335,0.6947829625014794,2.1080776347503543,1
4.973784138615795,4.394394478202382,0.8975433889556687,1.0,0.5,1.0,3.183616839134065,5.437323130707281,2.6113390967768404,1
0.9029153058165753,3.039149522425527,0.498192448324694,1.0,0.5,1.0,0.9853893119838428,1.0513990852039155,2.3435141257022023,1
1.8191199438522918,3.0908926854140404,0.8675132266845997,1.0,0.5,1.0,1.5770230228995068,2.563237071132566,1.3884741507545242,1
3.849601279245738,3.232804894559222,0.3888072115470903,1.0,0.5,1.0,1.2496672204780541,0.9779821565687231,1.795374398661268,1
3.110387545416638,0.024842563258127837,0.3055357266808363,1.0,0.5,1.0,1.0847168203735584,0.4648390356990505,2.175822008830744,1
3.3833637213130276,3.2449472276530344,0.2010378304584707,1.0,0.5,1.0,1.0273363650398943,0.557296418483213,2.306443019594291,1
2.0678933347704547,4.84617300445594,0.2739557281709256,1.0,0.5,1.0,1.029403323326427,0.7095999980745205,2.2770461129148623,1
1.2203736034343036,2.524266596987885,0.39267926147747845,1.0,0.5,1.0,1.0171187772761443,0.7452028983818916,2.3060821697441,1
2.846066321897534,0.3337474597200668,0.6433504591072381,1.0,0.5,1.0,1.615977490031124,0.4194873482059153,1.4246751688940515,1
2.320862542188566,0.46343439732921765,0.5182451957170658,1.0,0.5,1.0,1.239005082773985,0.4894046994935776,1.8760620981488747,1
3.1558816523594713,1.571522902461329,0.288740007212666,1.0,0.5,1.0,1.0735973235197898,0.5683567871795318,2.186950608112194,1
4.486909309479457,3.185969059407605,0.347242617565468,1.0,0.5,1.0,1.2206586309112326,0.8603163294188879,1.8522345521585393,1
4.021220038135157,2.029284193645055,0.48144815946925157,1.0,0.5,1.0,0.5578562058924122,-0.8462309399054562,8.466251844555925,1
1.1548582298723842,1.5172115566708833,0.3918933447960472,1.0,0.5,1.0,1.0119030759270689,0.6196577656729764,2.3405245182317107,1
4.202029146751047,1.1146563390844295,0.5163269831198949,1.0,0.5,1.0,0.50245381409491,-0.07103969579807434,8.731697665262324,1
1.5998283226460333,3.7194343950903686,0.21915892340088822,1.0,0.5,1.0,1.0083134667267941,0.5739706258857228,2.3569938501633203,1
2.706831368223522,1.2949462937256007,0.6686828882471112,1.0,0.5,1.0,0.7833564170374542,3.0587575619969423,8.60358704721521,1
4.465324271179684,4.902926729327407,0.6512185618824893,1.0,0.5,1.0,1.1451532546400214,107.60699472671459,5.225638482702718,1
0.5234708544652489,3.6953997290203784,0.6844886950448064,1.0,0.5,1.0,0.9801822386063475,14.918312439817122,7.924761258181927,1
4.174503422272933,3.6895878746002513,0.22055179739092418,1.0,0.5,1.0,1.0478824055572102,0.5935042506344949,2.246091770978009,1
4.696066940562691,1.29869886260686,0.7471647556057669,1.0,0.5,1.0,1.1674610703655248,1.9766813655126951,5.559480385762462,1
1.0816276563928486,0.4108343084767302,0.32665454835803,1.0,0.5,1.0,1.0035836472925803,0.49399838145658265,2.384615141758652,1
0.9490819334550284,1.5898547060753994,0.22620972765287775,1.0,0.5,1.0,0.9992496376227535,0.5252045930976917,2.3917300837425386,1
4.422366216584512,3.8906950311877635,0.7976523774539325,1.0,0.5,1.0,1.9155593985023047,6.289750042495903,3.790526660714963,1
3.131511575731663,1.1781087603804452,0.13276368043323192,1.0,0.5,1.0,1.006534168146121,0.5035101932363095,2.374074528486187,1
0.9219292178596029,1.3552361143163631,0.3213071292069074,1.0,0.5,1.0,0.9966887611486439,0.5552526137313748,2.3939951578771534,1
1.8001428322155708,4.169960587223713,0.6787848355349765,1.0,0.5,1.0,1.038642553864998,25.036002723726906,6.769438766762956,1
3.0753667081533114,2.1359637761699286,0.292350172088523,1.0,0.5,1.0,1.0733437505883368,0.6080254002760228,2.1818149065092713,1
3.178169518644131,1.3199951065163589,0.7473091455528852,1.0,0.5,1.0,1.0581156078630982,2.021442010858752,6.870411464432763,1
4.62942815708545,2.709018994133938,0.13250656795496127,1.0,0.5,1.0,1.0113912708796815,0.5122552878727038,2.3584630477415454,1
3.582806044670392,1.5790621939443195,0.8417692508837543,1.0,0.5,1.0,0.9055732026962047,-0.10191693184135014,8.382557380475465,1
0.8495420615191671,3.5417649061153167,0.7026750581062795,1.0,0.5,1.0,0.9892053951115537,12.5499116603779,7.728623217243127,1
0.6954597990432563,4.171142081414054,0.284637799282363,1.0,0.5,1.0,0.9909503115051872,0.6685532146362517,2.3910316193032215,1
4.025647993335042,4.137838682105713,0.5435746488306611,1.0,0.5,1.0,1.6733531915663156,1.8950940358876258,1.277159562471104,1
3.205239360381211,4.664330257692152,0.22584596228820547,1.0,0.5,1.0,1.0355077383776699,0.6243251466006544,2.2737807255810494,1
2.828166176088767,1.856943526934161,0.11614287486585112,1.0,0.5,1.0,1.0037032630322211,0.5045688859292514,2.3821755868091983,1
0.9593026343645814,1.7187644445017325,0.7847339603794738,1.0,0.5,1.0,0.9782261220859637,1.2783924480047155,2.3313184756304763,1
4.328926471206639,1.5795192711932011,0.6775675228437584,1.0,0.5,1.0,0.8651699436701552,4.662036154806097,6.690159486764858,1
3.13825570268837,4.153787114117152,0.7161200703304849,1.0,0.5,1.0,1.9487792085079225,2.6881512736132787,1.0975498144982367,1
1.930273077059748,4.3562354349606505,0.6473425880586242,1.0,0.5,1.0,1.00659745755195,65.28508056159582,6.866778789611908,1
1.0536759912291709,0.4325860597224529,0.1494380818018015,1.0,0.5,1.0,1.0002280641053831,0.4995447588391337,2.3933461202006283,1
4.097063484024204,2.4998957611950043,0.17689388443305065,1.0,0.5,1.0,1.023245272645447,0.527433219934183,2.3224881769814476,1
3.4041908813592343,3.289660067757567,0.8033442633730651,1.0,0.5,1.0,2.414221049753707,2.5006940784692366,0.9132808474292968,1
3.3074198998497395,4.997379354823829,0.5417250578420074,1.0,0.5,1.0,1.4978024082861725,2.145752813395093,1.4146307591783258,1
2.560855301436026,4.067913222309491,0.31129875370576043,1.0,0.5,1.0,1.0666354287081996,0.778939687873234,2.1735616643009212,1
1.6124322206695938,3.6174851509688617,0.7710228460811384,1.0,0.5,1.0,1.3193053734287872,2.516075521253816,1.6241218973334983,1
3.5646151701584587,1.0860063172772878,0.5465580511654269,1.0,0.5,1.0,0.5297096279387886,-0.6194321335517741,9.167257487341622,1
0.8915742443831103,4.2955713560094635,0.87506760080523,1.0,0.5,1.0,0.9419569429929913,10.443499340893359,6.651066929440581,1
0.5834405982051984,1.9509583803098451,0.7908527868984008,1.0,0.5,1.0,0.7752186407481759,1.4107228662286087,2.924886388936925,1
4.319630531253063,1.8314540628242453,0.2928283447731822,1.0,0.5,1.0,0.6708957585823598,-26.777428733737967,8.197237076498984,1
3.092110549662799,1.93074980191235,0.11201171429391198,1.0,0.5,1.0,1.0038873537160462,0.5044355744919182,2.381654528136557,1
2.819075184264064,1.8560268494477272,0.3987627477471374,1.0,0.5,1.0,1.1624170805604637,0.7196306662171083,1.9790662529835574,1
1.2801672423249144,2.991528325095056,0.30823687593765997,1.0,0.5,1.0,1.010777403663304,0.6541391716083531,2.337109776882713,1
4.975872976716775,3.178853185912616,0.7304865043002534,1.0,0.5,1.0,1.4508736638382083,6.477435886536439,4.531507048338263,1
4.12565251702533,0.9932668645799575,0.7974130229058141,1.0,0.5,1.0,1.3359435421064503,1.2352672651497518,5.5840382561447255,1
4.144386310165826,2.9773803321807844,0.7842329741007942,1.0,0.5,1.0,1.6586096781289346,4.773429328067799,4.412316059081616,1
2.340239011730439,1.2333568458754274,0.3506324506055326,1.0,0.5,1.0,1.0779256072831709,0.5744330218099681,2.177585852890284,1
4.044980352161433,3.035207996724316,0.5131883945846756,1.0,0.5,1.0,0.6242101951182911,-1.8159578060064594,7.976964992932041,1
4.305284584550537,0.5042162518417465,0.12101339663292095,1.0,0.5,1.0,1.008075878869764,0.5000177455313655,2.3701705743917536,1
3.132305253636137,3.4663611956372575,0.7800722435693465,1.0,0.5,1.0,2.165556655002547,2.527855603126214,1.0086380683994374,1
2.6076071967751444,3.2820070221623805,0.39023827159022917,1.0,0.5,1.0,1.1328145781816517,0.9167467124074524,2.0129491806455486,1
1.1326909101712115,4.152794441714634,0.8507369117920981,1.0,0.5,1.0,1.0886183534087577,3.2862496367335585,1.8870932440643766,1
1.108151052663546,3.090937897326611,0.6170247049376684,1.0,0.5,1.0,0.9910286362582003,10.487282505685751,8.00374793304217,1
3.6134105508073318,2.209296718369969,0.3627592888883021,1.0,0.5,1.0,0.6558917483221021,-4.157158817122046,8.36885382421447,1
2.2325132468940563,1.401203525827166,0.5619753586889767,1.0,0.5,1.0,1.283777815410762,0.8197135111881219,1.7771663583437556,1
1.0776330445696691,2.419188883040845,0.5472562260770277,1.0,0.5,1.0,1.0155133423517158,1.0465571551238473,2.267409363368225,1
4.482126264834012,2.678595974595214,0.3631886204974759,1.0,0.5,1.0,1.2530328156815749,0.8322065169442375,1.802446772692398,1
3.2441159144905236,0.2778821275568949,0.3453962688716453,1.0,0.5,1.0,1.132033438964068,0.4755019425252309,2.068728757965536,1
2.8542648840502447,3.0927975519494524,0.26711720457945654,1.0,0.5,1.0,1.0485510489053058,0.6243861340701488,2.2404099409562033,1
4.09487810415748,1.4769161373895963,0.8882610405291307,1.0,0.5,1.0,3.315988669261853,1.3140163262707432,0.7017313598436329,1
4.7773336008124705,1.8368738426021776,0.12478335417709907,1.0,0.5,1.0,1.0101067534594443,0.5062788830990875,2.363191460823345,1
3.218077252849766,4.327983775591601,0.5151775579465009,1.0,0.5,1.0,0.7507225562760163,-4.817392528464934,7.645381264381387,1
4.451125780916372,2.198398170013175,0.5306457709925482,1.0,0.5,1.0,0.575676856827129,-0.9898318915656243,8.044834242833463,1
2.3115485640067766,0.41248272081677584,0.26449587566723987,1.0,0.5,1.0,1.0331609715017591,0.4961987305023131,2.301264943042863,1
4.412914413938682,2.456035084814993,0.6646850368288345,1.0,0.5,1.0,0.9508205800731564,11.43242599885303,6.214536610679095,1
3.569229829697055,0.882288492508676,0.1328223772185659,1.0,0.5,1.0,1.007921499381723,0.5020127168747058,2.370289025936137,1
1.1706010809932856,0.11686061336605214,0.2852585446981302,1.0,0.5,1.0,1.0050938304027344,0.4821672644916261,2.3822264773365553,1
3.0382696475187294,1.9363884789554808,0.2745778760603688,1.0,0.5,1.0,1.05995262115739,0.5780766633880298,2.2188274552807643,1
4.052223656073901,1.3820930499354445,0.8252959929383012,1.0,0.5,1.0,1.6492281122706154,1.7368626477509856,4.917985309047685,1
1.178221336858634,1.0418498343274596,0.2630996835638807,1.0,0.5,1.0,1.0041454492424984,0.5198974352393272,2.378412937002057,1
1.3346562179080919,0.6857352358498453,0.8823890158487661,1.0,0.5,1.0,1.1169014177093632,0.7299142766287676,9.432368883905628,1
1.0583109986165875,4.629323602422338,0.3433634605465048,1.0,0.5,1.0,1.0030333141164693,0.8411196430472018,2.327900813353437,1
0.9922975139372081,1.789062899797078,0.4882799516336668,1.0,0.5,1.0,0.9989085982102818,0.7641573285928519,2.3533577870031235,1
3.429641947615536,4.876358601757829,0.5257794455339718,1.0,0.5,1.0,1.491780829591515,2.033508179337153,1.4252678448225125,1
3.238804305304386,3.434365811182704,0.2506719574478731,1.0,0.5,1.0,1.0487829854656743,0.6197628000446389,2.2402021624248283,1
2.4608049921994257,3.8295335368504544,0.24583832439052833,1.0,0.5,1.0,1.029673462187067,0.6199443794227479,2.290349912954833,1
1.2571929484370445,3.322538908414123,0.5491720191213593,1.0,0.5,1.0,0.9658854130361221,17.0066450606541,7.9768747824990465,1
1.4865449059730156,1.6852296316489173,0.25221649871039675,1.0,0.5,1.0,1.0102278001868168,0.5405168102061422,2.3573882897152965,1
1.263985908196029,3.069024850751073,0.1506290257952145,1.0,0.5,1.0,1.001208692749411,0.5189881231404326,2.3870180477838607,1
1.938041689093002,4.189721292550449,0.7494299339058043,1.0,0.5,1.0,1.459977968624623,2.8084340608902743,1.4517333288601453,1
1.4632014923239711,1.3286490709211245,0.3190393778592262,1.0,0.5,1.0,1.0196205048925604,0.5564867408410701,2.3289370349904512,1
2.3305468079008715,1.0305176904988056,0.4045184309774539,1.0,0.5,1.0,1.1180381321756303,0.5809520536057909,2.0879529864818274,1
1.459508050227992,2.85093861275367,0.4207996670511327,1.0,0.5,1.0,1.0440875873567175,0.8594811552618972,2.2202011897081,1
1.9022242336575397,0.5143147623865546,0.16126978827255967,1.0,0.5,1.0,1.0050438675933266,0.5001312041874585,2.379062201141031,1
3.9027156433806334,1.2533033824963118,0.19976122917141287,1.0,0.5,1.0,1.0318852556474045,0.5152568906645081,2.300888070555664,1
2.09685527231645,2.88188754860266,0.8803423140210789,1.0,0.5,1.0,1.8033605702901128,2.448845234380572,1.231200432283263,1
1.5705708822150677,4.90750508789186,0.4182903228921563,1.0,0.5,1.0,0.9303852721634966,-22.840286552257027,7.432664375576836,1
0.9487018640391809,4.716629229026365,0.16146223779013208,1.0,0.5,1.0,0.9997163553352277,0.5374236763158518,2.388183676881505,1
0.8215563619722317,0.8119641357212548,0.8669697394059863,1.0,0.5,1.0,0.8757882032203973,0.7416049775057716,2.6987518362026375,1
0.8743372897427153,0.9220898183259751,0.3967129270754839,1.0,0.5,1.0,0.9903206340594416,0.5477205258284296,2.4137003562104935,1
4.613935561573853,4.681020496983805,0.7157156565372399,1.0,0.5,1.0,1.4687382792967034,13.080718652663831,4.372303744717317,1
2.2619433057052887,3.7213721581728594,0.828090538629262,1.0,0.5,1.0,1.4564600989730507,6.2436182593788185,5.048797985409221,1
3.4624211643427985,4.050040893149387,0.3668674934500974,1.0,0.5,1.0,1.1773033275144704,1.004761328402778,1.9148227214349542,1
0.7051526629923597,2.245736000132355,0.788525714078593,1.0,0.5,1.0,0.8416776284155169,1.6036756542526678,2.654602736782541,1
1.3076995797457434,0.646295499516788,0.45883576004806403,1.0,0.5,1.0,1.0375991370565745,0.5268737396267061,2.28815586840912,1
1.864665729544146,0.025852447224842257,0.7379398638079693,1.0,0.5,1.0,1.401358836200278,0.21879556416711982,1.6914600248651803,1
3.74916824066997,4.8357997018889955,0.11765130528840802,1.0,0.5,1.0,0.9571547809487853,11.214573175279344,6.5709578085716345,1
1.0448262254557086,2.125026977496416,0.6865560286307683,1.0,0.5,1.0,1.016874258351786,1.290280924963416,2.234710552640441,1
1.703266512962337,0.5757558644302602,0.197719035193472,1.0,0.5,1.0,1.0072487533683636,0.5012757484882532,2.3725019272673427,1
2.2141482450966437,1.7598671265753552,0.8320768682355092,1.0,0.5,1.0,1.7688544781769553,1.4369960005857698,1.285261735135613,1
2.5257267471875218,2.2856966988436334,0.8562434256977289,1.0,0.5,1.0,1.1627636071463339,-3.767971595169057,8.41251569215737,1
2.920264084292232,0.31270320737851853,0.12408439996835173,1.0,0.5,1.0,1.0050060687841005,0.4991851634172079,2.379297661089646,1
2.4559423088082677,1.1748755052318627,0.6156034242669486,1.0,0.5,1.0,0.6940710530831756,3.768491452668903,9.526194259115774,1
2.9741848747984947,1.404197866376065,0.12613530880467938,1.0,0.5,1.0,1.005157413526645,0.5039580318079795,2.378017983997463,1
1.8526982588785028,3.488923183186316,0.5491938699305384,1.0,0.5,1.0,0.8908893787810765,-337.95062057848776,7.953407591972671,1
1.0844951366484312,0.33468155017386647,0.6072491950486973,1.0,0.5,1.0,1.0224024291962794,0.44088805513282947,2.343853553121002,1
4.9430675148225856,4.511558635196938,0.7194747782133932,1.0,0.5,1.0,1.535663148888246,11.277061643448473,4.197274230913953,1
0.6512475274254301,3.6544393154575188,0.3169061717388778,1.0,0.5,1.0,0.9861411793551185,0.6901532031137892,2.401330650970567,1
4.575533478160474,1.6625980214531855,0.399618446228736,1.0,0.5,1.0,0.5397048885698011,-0.5151778864368797,8.260128723519584,1
3.6463109655975052,0.3268644392967557,0.4315040998098223,1.0,0.5,1.0,0.4553636059828525,1.1376814375874291,9.721126968838526,1
1.2285974739407173,3.200512597163128,0.3093691685635183,1.0,0.5,1.0,1.008779019190726,0.6662829781836213,2.340646720057254,1
2.2625175864139884,4.3072263827394615,0.5279097052349851,1.0,0.5,1.0,0.8542950804653445,-12.80845387655063,7.653092097530344,1
4.182731238217685,3.828075436661006,0.297811396106215,1.0,0.5,1.0,1.1278563085853905,0.7777354191288672,2.035662165175645,1
3.854398647977367,4.652682097038158,0.7133448423759353,1.0,0.5,1.0,1.3704277174090596,14.185420645421626,4.763657352977074,1
3.76447003842946,0.841122339130177,0.5110137558445864,1.0,0.5,1.0,0.48953991479821907,0.0491263494721276,9.231890024219139,1
0.8484897881994333,2.529964835998719,0.17205182376102907,1.0,0.5,1.0,0.999003936756522,0.5211335926678576,2.393162818831208,1
4.313888428025307,2.3230487851547417,0.4259214663203521,1.0,0.5,1.0,1.381852230190065,0.916722555215469,1.6151905577233103,1
3.8269656076218057,2.845833683816035,0.3180333831312493,1.0,0.5,1.0,1.1358012076500483,0.7268577821395799,2.026675619882646,1
3.4061035225787397,2.5053377102417773,0.4053120036337602,1.0,0.5,1.0,1.2328755030589424,0.8697376824034191,1.83562285778165,1
4.168663143719388,3.214364826010065,0.4819682205286746,1.0,0.5,1.0,0.608880802945766,-1.4838357647226474,7.958923364728461,1
4.948314393600079,3.0732903203988826,0.5975986679065061,1.0,0.5,1.0,0.7772580985615555,-6.414069060904603,6.63193328211835,1
2.541672308768524,1.899603888275686,0.44867502573562035,1.0,0.5,1.0,1.1916180085260506,0.8006722357673113,1.9188278890838013,1
1.7360282186028382,4.461424987397182,0.17726646799841916,1.0,0.5,1.0,1.0055627238793958,0.5497493679252959,2.3689517286263064,1
4.77594236359415,3.487774941352747,0.2540190362750899,1.0,0.5,1.0,1.0909978087365249,0.650643866935801,2.1325466944860745,1
1.049112556961169,1.6252421268720785,0.4232828038002512,1.0,0.5,1.0,1.004653644231519,0.6594732364316312,2.3541985210524325,1
4.7299944687778215,2.696702303108708,0.5190330124007514,1.0,0.5,1.0,0.5880767874904429,-1.0739608118313313,7.767987226084774,1
4.802831811326474,3.4206952089709035,0.7113725504640573,1.0,0.5,1.0,1.340137441830002,8.387861430393917,4.780440462564294,1
1.6208367682752354,2.766834798444655,0.21271704477561493,1.0,0.5,1.0,1.0078168053568495,0.547055509122984,2.363003923624814,1
1.4147932385072217,3.1870543241877525,0.24971402627098085,1.0,0.5,1.0,1.0084024178972015,0.5890174004797994,2.354315498390477,1
2.91664528211441,1.871845772117684,0.2595329487107183,1.0,0.5,1.0,1.0462592707772458,0.5601422084526513,2.256225665569363,1
0.5340979612863281,1.5668421218848678,0.44976114463308914,1.0,0.5,1.0,0.9493025338598609,0.6600226494955672,2.5168209342788233,1
2.224116186755996,3.0077919733983687,0.8873230527326056,1.0,0.5,1.0,1.9138281758136153,2.5786455879145627,1.1606585100029496,1
4.329849535244636,2.003115022824389,0.6787699348119461,1.0,0.5,1.0,0.21091354055309722,0.7581118819150942,13.46928259194233,1
1.445737114363929,4.397320272547935,0.2366009065277618,1.0,0.5,1.0,1.0076909714373483,0.6110869970317554,2.3525176809012147,1
1.9185820563012326,4.0441711343567635,0.8799598547266777,1.0,0.5,1.0,1.672732687920927,3.399443675109212,1.2795420879917905,1
0.5069538230617268,4.743500545931053,0.1576961397442136,1.0,0.5,1.0,0.9974607612094701,0.5345062342350672,2.3953767724827597,1
3.8863136179110245,1.8367169382920445,0.2853296557515306,1.0,0.5,1.0,1.0982715577549356,0.5901489953623065,2.125443317759669,1
3.0546574808537064,3.631578738711683,0.3857092633921696,1.0,0.5,1.0,1.169626183144442,0.989112990286049,1.9324140296920345,1
1.5926596259991688,0.6752248098787095,0.7155764505198173,1.0,0.5,1.0,1.2513692825937985,0.5962756083492194,1.869211185050861,1
4.148274186914176,2.2298792566724113,0.5025663457362275,1.0,0.5,1.0,1.5702476733715374,1.0664455154884582,1.4063140397961664,1
3.170813377978941,0.4139141151096626,0.3327260952976341,1.0,0.5,1.0,1.1130407961176878,0.49163604221579943,2.107523644153432,1
3.2108903028664133,1.7538008291277407,0.1930184259956434,1.0,0.5,1.0,0.877667609574197,2.362058832396403,8.361769567495852,1
0.5649212848236371,2.4517705365735676,0.4628216169862175,1.0,0.5,1.0,0.9480510496945612,0.8239672895238378,2.4901656915025967,1
1.6122261217119167,0.2014813723820763,0.6617583926125059,1.0,0.5,1.0,1.2106356809063694,0.36088396704123615,1.9547852397963337,1
3.7580140951369945,0.1854492342941949,0.2863995193491371,1.0,0.5,1.0,1.092598829699661,0.4795988756785096,2.1543348269355396,1
1.162007186373806,2.0673230510660474,0.5774764554310374,1.0,0.5,1.0,1.0377952881359322,1.0146038127274735,2.2193443629962157,1
3.3631320821914703,3.808398667777581,0.5355969259908514,1.0,0.5,1.0,0.7358639743933969,-4.715147392702089,7.714912053647762,1
3.4858349979189875,2.517810862476532,0.7551773538900753,1.0,0.5,1.0,1.3187677184400062,4.463199729352182,5.468840388315234,1
2.894572776341339,2.9433203089668396,0.36798224145338077,1.0,0.5,1.0,1.1354530556323759,0.8254349813238018,2.0177508891479774,1
4.613660880887628,4.707309551129285,0.6315802206409799,1.0,0.5,1.0,2.183264114835305,2.6270631843967887,0.9676946564852517,1
3.4799672365942085,2.0495755819700885,0.28444652869067844,1.0,0.5,1.0,1.083062306253098,0.5998277434206108,2.159533149895584,1
1.9708491890240891,2.4064150697970548,0.8500584025263352,1.0,0.5,1.0,1.0946415188446816,-5.134109306481981,9.40227988794061,1
1.4140397185747746,1.4412521897607966,0.8497158127513981,1.0,0.5,1.0,1.2765666229394308,1.2181057040963734,1.7972092505879471,1
2.5626142578629185,3.8852824890814377,0.6738568135466062,1.0,0.5,1.0,1.58756009971305,2.2901100724952017,1.3505120172785663,1
2.1233849567253817,0.5534904584098971,0.15823265952690227,1.0,0.5,1.0,1.0059232710693589,0.5004659953152936,2.376427876645498,1
4.136973349560915,4.60468145161432,0.32362153525018594,1.0,0.5,1.0,1.1593639934334203,0.9376512067463262,1.9534717300875386,1
3.6936892075281222,2.538597812700437,0.6431508073044176,1.0,0.5,1.0,0.8696427645849054,26.521182079171666,6.969268225059299,1
2.3278095846439304,3.77609265772871,0.8944998607494242,1.0,0.5,1.0,2.010183092860511,3.2507618481854883,1.0882306103952148,1
2.755638537009384,4.022870055264177,0.2968190412981689,1.0,0.5,1.0,1.0639395253457158,0.7379233315363125,2.1855616211445072,1
2.9352367625673375,4.624124420900799,0.316664590777635,1.0,0.5,1.0,1.0872118417621963,0.8538587081128867,2.115002908356517,1
0.961430244953327,1.4908952389233776,0.3708329744779988,1.0,0.5,1.0,0.9975558674837803,0.5946803858189197,2.3847498240797185,1
3.9527131527415107,0.9245518831902572,0.31360874884330414,1.0,0.5,1.0,1.1322335822508653,0.5378808916636219,2.058449969317621,1
4.026527672776101,2.0130574629954574,0.8973215294977852,1.0,0.5,1.0,2.4904404468758994,2.3372122747906823,3.716735214206986,1
0.6379687638626526,0.6586034299762888,0.2703743485944268,1.0,0.5,1.0,0.9911520401262116,0.5058279619362503,2.4191091728566874,1
4.184250197510085,2.769561820554504,0.7882802850517707,1.0,0.5,1.0,1.6617726344096841,4.311403173027918,4.443522352935771,1
1.9853127719450703,4.1256857672802285,0.1355783208021694,1.0,0.5,1.0,1.0032188122016312,0.5195610107449417,2.3809860915826992,1
2.855866229248758,4.5776957570996775,0.3138446081369269,1.0,0.5,1.0,1.0806217441348323,0.8345892259315406,2.1326543910402838,1
1.1413699794768395,1.592276055696766,0.8788442020435873,1.0,0.5,1.0,1.1019379112085537,1.375739910260104,2.0651661899833744,1
4.836892012361203,3.3261777477663212,0.8803024087357318,1.0,0.5,1.0,3.8217929649274596,2.833315598423746,0.5938392442254486,1
1.7821183362155875,3.525074597796269,0.539537555660189,1.0,0.5,1.0,0.8962034606833779,-744.1903784008326,7.959467689668398,1
1.5045342211210009,0.7301232356452481,0.6109628169178867,1.0,0.5,1.0,1.1395005918986902,0.5892906138878288,2.0570820843511077,1
2.5755448055080796,2.1871561472739693,0.3856809139902516,1.0,0.5,1.0,1.1258298869198102,0.7411620553366975,2.0494291197805183,1
1.4482494716225534,4.700500274706318,0.5775380946463923,1.0,0.5,1.0,1.1078008220143432,1.9914128786221688,1.9504426107053288,1
1.067514563012199,2.4219820355801174,0.3457435679631436,1.0,0.5,1.0,1.003571176250568,0.6578236470019215,2.3569105556877914,1
2.2492623464027646,4.016227934259403,0.8777020597396584,1.0,0.5,1.0,1.9072377630395325,3.3652862500063163,1.1344237559987134,1
2.820636848410137,0.8612263764057748,0.7059534612989775,1.0,0.5,1.0,0.7917555251525393,1.3005593150558223,8.581271541452244,1
0.60171493878478,3.171883407781806,0.45422182952937185,1.0,0.5,1.0,0.9550000921912158,0.9276028601714624,2.4507153137839404,1
1.9993436149167978,0.24466317288613593,0.32294226684512517,1.0,0.5,1.0,1.0446737794819665,0.48086451783675244,2.2740031587650247,1
0.8531265073320509,3.9014285243541273,0.3536203745310287,1.0,0.5,1.0,0.9918187964060589,0.7910426145867954,2.3676477823523134,1
4.5174308580190825,3.722269535535809,0.7201487604441994,1.0,0.5,1.0,2.5941408812569704,2.4861463520603344,0.8354859549436455,1
